,Country,Region,happy2015,happy2016,happy,happychg,Country Code,gdp2014,gdp2015,gdp,life2014,life_expectancy,infant2015,infant_mort,pressfreedom,press2015,corruption,corrupt2015,gini2017,murder2016,gdp_chg,crime,life_expectancy_chg,pressfreedom_chg,corruption_chg,infant_mortality_chg
0,Switzerland,W. Europe,7.587,7.509,7.493999958,-0.093000042,CHE,11.02235891,11.04291603,11.04900665,83.19756098,83.19756098,1.280933845,1.280933845,3.482814953,11.76,9.273618495,9.273618495,32.5,0.7,0.055154123,-0.356674944,0,-70.38422659,0,0
1,Iceland,W. Europe,7.561,7.501,7.504000187,-0.056999813,ISL,10.69852469,10.77248501,10.84737257,82.86097561,82.86097561,0.530628251,0.470003629,3.60970913,15.3,8.831760866,8.888194417,25.6,0.9,0.695174359,-0.105360516,0,-76.40712987,-0.634927054,-11.42506485
2,Denmark,W. Europe,7.527,7.526,7.521999836,-0.005000164,DNK,10.7748975,10.79918349,10.81367907,80.7,81.1,1.280933845,1.30833282,3.218695388,8.89,9.486832981,9.539392014,28.5,1,0.134228458,0,0.495662949,-63.79420261,-0.55096838,2.138984327
3,Norway,W. Europe,7.522,7.498,7.537000179,0.015000179,NOR,11.09217604,11.03574757,10.99039275,82.1,82.1,0.78845736,0.741937345,2.75680975,8.79,9.219544457,9.38083152,26.8,0.6,-0.410980933,-0.510825624,0,-68.63697667,-1.719325862,-5.900130809
4,Canada,N. America,7.427,7.404,7.315999985,-0.111000015,CAN,10.71623855,10.69659198,10.6925171,81.95304878,82.12902439,1.504077397,1.458615023,4.06571027,15.26,9.055385138,9.110433579,34,1.7,-0.038095082,0.530628251,0.21472735,-73.35707556,-0.604235139,-3.022608689
5,Finland,W. Europe,7.406,7.413,7.468999863,0.062999863,FIN,10.6337318,10.65195685,10.67018085,81.1804878,81.38536585,0.693147181,0.641853886,2.986636905,8.59,9.433981132,9.486832981,26.8,1.6,0.171085925,0.470003629,0.252373514,-65.2312351,-0.557107399,-7.400058144
6,Netherlands,W. Europe,7.378,7.339,7.376999855,-0.001000145,NLD,10.79982089,10.81067611,10.83758065,81.70731707,81.70731707,1.193922468,1.16315081,3.10322413,8.76,9.110433579,9.16515139,28.6,0.6,0.248870086,-0.510825624,0,-64.57506701,-0.597020261,-2.577358202
7,Sweden,W. Europe,7.364,7.291,7.28399992,-0.08000008,SWE,10.74515697,10.7752682,10.80313787,82.25365854,82.55121951,0.875468737,0.875468737,2.754995463,12.33,9.38083152,9.433981132,27.2,1.1,0.258644777,0.09531018,0.361760164,-77.65616007,-0.563384765,0
8,New Zealand,Australasia,7.286,7.334,7.31400013,0.02800013,NZL,10.52358681,10.54399631,10.57282073,81.40487805,81.45682927,1.526056303,1.504077397,3.738983819,10.01,9.486832981,9.539392014,34.93251534,0.9,0.273372755,-0.105360516,0.063818313,-62.64751429,-0.55096838,-1.44024219
9,Australia,Australasia,7.284,7.313,7.28399992,-8.00E-08,AUS,10.74604621,10.74668977,10.75342323,82.3,82.45121951,1.16315081,1.131402111,4.002499219,17.84,8.888194417,8.888194417,34.7,1,0.062656076,0,0.18374181,-77.56446626,0,-2.729542725
10,Israel,Middle East,7.278,7.267,7.212999821,-0.065000179,ISR,10.46108174,10.50631878,10.54274193,82.15365854,82.05121951,1.098612289,1.064710737,5.568662317,32.58,8,7.810249676,41.4,1.4,0.346678495,0.336472237,-0.124691988,-82.9077277,2.429503946,-3.085852218
11,Costa Rica,S. America,7.226,7.087,7.078999996,-0.147000004,CRI,9.626449805,9.672790342,9.71800632,79.41685366,79.60890244,2.066862759,2.041220329,3.453983208,11.1,7.615773106,7.416198487,48.2,11.8,0.467455368,2.468099531,0.241823708,-68.88303416,2.69106361,-1.240645055
12,Austria,W. Europe,7.2,7.119,7.006000042,-0.193999958,AUT,10.79170776,10.80809692,10.82133373,81.4902439,81.84390244,1.098612289,1.064710737,3.670149861,13.18,8.660254038,8.717797887,3.5,0.5,0.122471171,-0.693147181,0.43398881,-72.15364294,-0.66007322,-3.085852218
13,Mexico,S. America,7.187,6.778,6.578000069,-0.608999931,MEX,9.762104267,9.755240748,9.790406684,76.69917073,76.88136585,2.557227311,2.533696814,6.646803743,49.33,5.477225575,5.567764363,48.2,16.3,0.360482503,2.791165108,0.237545098,-86.52583875,-1.626124632,-0.92015666
14,United States,N. America,7.119,7.104,6.993000031,-0.125999969,USA,10.90776262,10.93679724,10.95896244,78.74146341,78.74146341,1.740466175,1.722766598,4.823898838,22.49,8.602325267,8.717797887,41,4.9,0.202666346,1.589235205,0,-78.55091668,-1.324561793,-1.016944618
15,Brazil,S. America,6.983,6.952,6.635000229,-0.347999771,BRA,9.692256754,9.656009239,9.624290057,74.9582439,75.19912195,2.63905733,2.602689685,5.220153254,32.62,6.32455532,6.164414003,51.3,26.7,-0.328491622,3.284663565,0.321349644,-83.9970777,2.597835209,-1.378054344
16,Luxembourg,W. Europe,6.946,6.871,6.862999916,-0.083000084,LUX,11.53107723,11.55412603,11.57007828,82.22926829,82.22926829,0.741937345,0.693147181,3.836665219,14.43,9,9.219544457,31.2,0.7,0.138065416,-0.356674944,0,-73.41188345,-2.381293982,-6.576049112
17,Ireland,W. Europe,6.94,6.907,6.977000237,0.037000237,IRL,10.84477617,11.12688296,11.14016293,81.34878049,81.50243902,1.131402111,1.098612289,3.752332608,12.4,8.544003745,8.660254038,31.9,0.6,0.119350277,-0.510825624,0.188888548,-69.73925316,-1.342342754,-2.898158178
18,Belgium,W. Europe,6.937,6.929,6.890999794,-0.046000206,BEL,10.70984673,10.72784783,10.7446934,81.28780488,81.28780488,1.16315081,1.131402111,3.531288717,14.18,8.774964387,8.774964387,28.1,1.9,0.157026549,0.641853886,0,-75.09669452,0,-2.729542725
19,United Arab Emirates,Middle East,6.901,6.573,6.647999763,-0.253000237,ARE,11.12063818,11.15975769,11.1902186,77.32936585,77.4842439,1.902107526,1.887069649,6.113100686,36.73,8.124038405,8.366600265,34.93251534,0.7,0.272953205,-0.356674944,0.200283616,-83.35665482,-2.899168754,-0.790590288
20,United Kingdom,W. Europe,6.867,6.725,6.714000225,-0.152999775,GBR,10.61420932,10.63986877,10.65981889,81.30487805,81.60487805,1.30833282,1.30833282,4.718050445,21.7,9,9,34.1,0.9,0.18750342,-0.105360516,0.368981551,-78.25783205,0,0
21,Venezuela,S. America,6.81,6.084,5.25,-1.56,VEN,9.784670232,9.67355161,9.608025293,74.22614634,74.3915122,2.660259537,2.63905733,6.506919394,44.77,4.123105626,4.123105626,46.9,57.1,-0.677376004,4.044804117,0.222786536,-85.46589369,0,-0.796997712
22,Singapore,Southeast Asia,6.798,6.739,6.572000027,-0.225999973,SGP,11.34561186,11.36359184,11.38344966,82.49512195,82.59512195,0.741937345,0.78845736,7.1484264,52.96,9.16515139,9.219544457,45.8,0.2,0.17474951,-1.609437912,0.121219289,-86.50221601,-0.58997565,6.270073338
23,Panama,S. America,6.786,6.701,6.452000141,-0.333999859,PAN,9.94907793,9.99936748,10.04388799,77.62543902,77.81743902,2.674148649,2.646174797,5.667450926,30.59,6.164414003,6.244997998,51,11.4,0.445233242,2.433613355,0.247341596,-81.47286392,-1.290376641,-1.046084407
24,Germany,W. Europe,6.75,6.994,6.951000214,0.201000214,DEU,10.75913954,10.7789326,10.79404173,81.0902439,81.0902439,1.193922468,1.16315081,3.368976106,14.8,9,9,31.4,0.8,0.14017283,-0.223143551,0,-77.23664794,0,-2.577358202
25,Chile,S. America,6.67,6.705,6.65199995,-0.01800005,CHL,10.04682287,10.06813137,10.08415233,78.9644878,79.16068293,1.987874348,1.974081026,4.465422712,19.23,8.124038405,8.366600265,47.7,3.6,0.159125435,1.280933845,0.248459954,-76.77887305,-2.899168754,-0.693872937
26,Qatar,Middle East,6.611,6.375,6.375,-0.236,QAT,11.75440778,11.75587757,11.75604944,78.3035122,78.46270732,2.00148,1.987874348,6.31110133,35.97,7.810249676,8.426149773,34.93251534,8.1,0.001461956,2.091864062,0.20330521,-82.45454176,-7.309389387,-0.679779566
27,France,W. Europe,6.575,6.478,6.441999912,-0.133000088,FRA,10.60215411,10.62566286,10.6326355,82.67073171,82.67073171,1.16315081,1.16315081,4.694677838,23.83,8.306623863,8.366600265,32.3,1.6,0.0656208,0.470003629,0,-80.29929569,-0.716855121,0
28,Argentina,S. America,6.574,6.65,6.598999977,0.024999977,ARG,9.893500807,9.92023237,9.900200782,76.134,76.29302439,2.332143895,2.292534757,4.695742753,25.09,6,5.656854249,42.7,6.5,-0.201926603,1.871802177,0.20887434,-81.28440513,6.066017178,-1.698400265
29,Czech Republic,E. Europe,6.505,6.596,6.609000206,0.104000206,CZE,10.38460532,10.42653392,10.45482007,78.82439024,79.47317073,0.916290732,0.916290732,4.112177039,16.66,7.416198487,7.483314774,25.9,0.7,0.271290011,-0.356674944,0.823070737,-75.31706459,-0.896879103,0
30,Uruguay,S. America,6.485,6.545,6.453999996,-0.031000004,URY,9.946847514,9.957744965,9.981617766,76.98209756,77.13163415,2.079441542,2.066862759,4.174925149,15.88,8.426149773,8.602325267,41.7,8.4,0.239741036,2.128231706,0.194248526,-73.70953936,-2.047998517,-0.604911557
31,Colombia,S. America,6.477,6.481,6.356999874,-0.120000126,COL,9.502632852,9.534300461,9.558009266,73.97895122,74.15619512,2.610069793,2.57261223,6.439720491,44.11,6.08276253,6.08276253,51.1,26.5,0.248668525,3.277144733,0.239586933,-85.40076969,0,-1.435117277
32,Thailand,Southeast Asia,6.455,6.474,6.423999786,-0.031000214,THA,9.658007513,9.694183526,9.736043602,74.86404878,75.068,2.379546134,2.351375257,6.594694838,44.53,5.916079783,6.164414003,37.8,3.5,0.431806102,1.252762968,0.272428787,-85.19044501,-4.028513006,-1.183876058
33,Saudi Arabia,Middle East,6.411,6.379,6.343999863,-0.067000137,SAU,10.8709659,10.89686962,10.90468657,74.39739024,74.5744878,2.433613355,2.406945108,8.060397013,59.72,6.782329983,7.211102551,34.93251534,1.5,0.071735788,0.405465108,0.238042705,-86.50301907,-5.946005687,-1.095829254
34,Spain,W. Europe,6.329,6.361,6.402999878,0.073999878,ESP,10.42401094,10.45438938,10.49984418,83.22926829,83.3804878,1.029619417,0.993251773,4.166533331,19.92,7.615773106,7.615773106,36,0.7,0.434791541,-0.356674944,0.181690303,-79.08366802,0,-3.53214436
35,Malta,W. Europe,6.302,6.488,6.52699995,0.22499995,MLT,10.42980851,10.48795245,10.54268556,81.94634146,81.94634146,1.791759469,1.774952351,4.975942122,23.84,7.416198487,7.745966692,34.93251534,1,0.521866512,0,0,-79.12775956,-4.257289224,-0.938023133
36,Kuwait,Middle East,6.295,6.239,6.105000019,-0.189999981,KWT,11.22008282,11.20934536,11.19860789,74.6234878,74.74682927,2.014903021,1.974081026,5.637375276,32.59,6.403124237,7,34.93251534,1.8,-0.095790263,0.587786665,0.165285051,-82.70213171,-8.526796608,-2.026002944
37,Trinidad and Tobago,S. America,6.168,6.168,6.168000221,2.21E-07,TTO,10.41279098,10.41356557,10.37060507,70.45965854,70.58885366,2.833213344,2.803360381,4.540925016,23.29,5.916079783,6.244997998,4.3,30.9,-0.412543575,3.430756184,0.183360412,-80.50268349,-5.266906657,-1.053678616
38,El Salvador,S. America,6.13,6.068,6.002999783,-0.127000217,SLV,9.001912393,9.030372583,9.061732315,72.75529268,73.00309756,2.587764035,2.557227311,4.769696007,27.2,6,6.244997998,4.8,108.6,0.347269534,4.687671407,0.340600485,-82.46435292,-3.923107717,-1.180042826
39,Guatemala,S. America,6.123,6.324,6.453999996,0.330999996,GTM,8.926527117,8.957352578,8.98052104,72.76202439,73.04297561,3.202746443,3.173878459,6.014149982,38.03,5.291502622,5.291502622,48.7,31.2,0.258653005,3.440418095,0.386123424,-84.18577444,0,-0.901350904
40,Uzbekistan,E. Europe,6.003,5.987,5.971000195,-0.031999805,UZB,8.640763498,8.710983693,8.781759042,70.99339024,71.14568293,3.131136911,3.063390922,8.064738061,61.15,4.582575695,4.358898944,35.3,3,0.812483999,1.098612289,0.214516717,-86.81154855,5.131496608,-2.163622686
41,Slovakia,E. Europe,5.995,6.078,6.09800005,0.10300005,SVK,10.275743,10.30584983,10.32979899,76.81219512,77.21219512,1.609437912,1.589235205,3.938273734,13.26,7.141428429,7.141428429,26.1,0.9,0.232384116,-0.105360516,0.520750643,-70.29959477,0,-1.255264783
42,Japan,Eastern Asia,5.987,5.921,5.920000076,-0.066999924,JPN,10.58118878,10.61363993,10.63272205,83.58780488,83.84365854,0.693147181,0.693147181,5.425863987,28.67,8.485281374,8.660254038,32.1,0.3,0.179788635,-1.203972804,0.306089699,-81.0747681,-2.020410289,0
43,South Korea,Eastern Asia,5.984,5.835,5.837999821,-0.146000179,KOR,10.42321986,10.44643896,10.48432709,82.15585366,82.15585366,1.098612289,1.064710737,5.254521862,28.58,7.280109889,7.348469228,31.6,0.7,0.362689398,-0.356674944,0,-81.61468908,-0.930252777,-3.085852218
44,Ecuador,S. America,5.975,5.976,6.007999897,0.032999897,ECU,9.350629357,9.347850844,9.331333727,75.85973171,76.0815122,2.90690106,2.879198457,5.8,33.21,5.567764363,5.656854249,46.5,8.2,-0.176694272,2.104134154,0.292356017,-82.53538091,-1.574901575,-0.952994339
45,Bahrain,Middle East,5.96,6.218,6.086999893,0.126999893,BHR,10.75223845,10.76498092,10.7777234,76.72546341,76.86519512,1.887069649,1.871802177,7.611832894,54.86,6.557438524,7.141428429,34.93251534,0.5,0.118369704,-0.693147181,0.182119082,-86.12498561,-8.177494322,-0.809057161
46,Italy,W. Europe,5.948,5.977,5.964000225,0.016000225,ITA,10.4994097,10.52554601,10.54956078,83.0902439,83.4902439,1.064710737,1.029619417,5.003998401,28.93,6.8556546,6.633249581,34.7,0.8,0.228157007,-0.223143551,0.481404292,-82.70308192,3.352881826,-3.295854789
47,Bolivia,S. America,5.89,5.822,5.822999954,-0.067000046,BOL,8.804257097,8.847115706,8.886836211,68.35031707,68.74980488,3.417726684,3.384390263,5.820652884,31.78,5.744562647,5.830951895,45.8,12.4,0.448965585,2.517696473,0.584471041,-81.68454096,-1.481563386,-0.975397489
48,Moldova,E. Europe,5.889,5.897,5.837999821,-0.051000179,MDA,8.520606088,8.527943639,8.58178451,71.16168293,71.37121951,2.63188884,2.617395833,5.514526272,28.83,5.477225575,5.744562647,27,3.2,0.631346469,1.16315081,0.294451412,-80.87226406,-4.653741075,-0.550669431
49,Paraguay,S. America,5.878,5.538,5.493000031,-0.384999969,PRY,9.100022113,9.126796149,9.167073898,72.93241463,73.04297561,2.867898902,2.833213344,5.876223277,33.63,5.477225575,5.196152423,48,9.3,0.441313115,2.2300144,0.151593747,-82.52684128,5.409255339,-1.209441447
50,Kazakhstan,E. Europe,5.855,5.919,5.818999767,-0.036000233,KAZ,10.12043008,10.12842461,10.13712823,71.62,72,2.415913778,2.312535424,7.349149611,54.55,5.385164807,5.291502622,26.5,4.8,0.085932519,1.568615918,0.530578051,-86.52768174,1.77004892,-4.27905811
51,Slovenia,E. Europe,5.848,5.768,5.757999897,-0.090000103,SVN,10.34157318,10.37238601,10.40075788,81.07804878,81.07804878,0.641853886,0.587786665,4.65832588,22.26,7.810249676,7.745966692,25.7,1.2,0.273532775,0.182321557,0,-79.07310926,0.829889748,-8.423602698
52,Lithuania,E. Europe,5.833,5.813,5.90199995,0.06899995,LTU,10.24634063,10.27285123,10.30782293,74.51707317,75.1195122,1.410986974,1.458615023,4.622769733,19.95,7.681145748,7.681145748,37.7,6,0.340428322,1.791759469,0.808457719,-76.82822189,0,3.375513019
53,Nicaragua,S. America,5.828,5.992,6.071000099,0.243000099,NIC,8.525224966,8.572065788,8.61998031,74.77278049,75.038,2.850706502,2.821378886,5.568662317,28.82,5.099019514,5.196152423,46.6,11.5,0.558961196,2.442347035,0.354700612,-80.67778516,-1.869323707,-1.028784095
54,Peru,S. America,5.824,5.743,5.715000153,-0.108999847,PER,9.406060392,9.435819452,9.474396854,74.48536585,74.71341463,2.517696473,2.4765384,5.21440313,29.99,5.916079783,6,44.3,7.2,0.408839972,1.974081026,0.306165886,-82.61286052,-1.398670282,-1.634751168
55,Belarus,E. Europe,5.813,5.802,5.568999767,-0.244000233,BLR,9.847041847,9.817102314,9.801477692,72.97073171,73.62439024,1.098612289,1.064710737,7.240856303,54.32,6.32455532,5.656854249,26.7,3.6,-0.159157165,1.280933845,0.895781795,-86.66999944,11.80339887,-3.085852218
56,Poland,E. Europe,5.791,5.835,5.97300005,0.18200005,POL,10.15453753,10.19823615,10.23316952,77.60243902,78.20487805,1.435084525,1.386294361,5.144900388,23.89,7.874007874,7.937253933,32.1,0.7,0.342543312,-0.356674944,0.776314556,-78.46420934,-0.796825448,-3.399811183
57,Malaysia,Southeast Asia,5.77,6.005,6.084000111,0.314000111,MYS,10.14595776,10.18890494,10.22849318,75.05370732,75.22019512,1.945910149,1.960094784,6.847627326,46.57,7,7.071067812,46.3,1.9,0.388542667,0.641853886,0.221824885,-85.2960547,-1.005050634,0.728946041
58,Croatia,E. Europe,5.759,5.488,5.293000221,-0.465999779,HRV,9.997930733,10.0207703,10.06884286,77.47804878,77.27560976,1.410986974,1.386294361,5.439669108,27.91,7,7.141428429,32.2,0.9,0.479729281,-0.105360516,-0.261285646,-80.50996379,-1.980394118,-1.750024136
59,Russia,E. Europe,5.716,5.856,5.962999821,0.246999821,RUS,10.14554054,10.07335034,10.05029558,70.74365854,70.90853659,1.916922612,1.887069649,6.920982589,49.03,5.385164807,5.385164807,37.7,11.3,-0.228868869,2.424802726,0.23306407,-85.88418807,0,-1.557337942
60,Jamaica,S. America,5.709,5.51,5.31099987,-0.39800013,JAM,9.04582553,9.063008342,9.086455907,75.65853659,75.80668293,2.610069793,2.58021683,3.567912555,12.45,6.244997998,6.403124237,45.5,43.2,0.258717244,3.765840495,0.195809153,-71.34206783,-2.46951696,-1.143761107
61,Cyprus,W. Europe,5.689,5.546,5.620999813,-0.068000187,CYP,10.32491007,10.35899686,10.39146464,80.12204878,80.29104878,0.78845736,0.741937345,4.448595284,18.26,7.416198487,7.810249676,35.6,1.3,0.31342597,0.262364264,0.210928206,-75.63748475,-5.045308475,-5.900130809
62,Algeria,Middle East,5.605,6.355,5.872000217,0.267000217,DZA,9.561199037,9.589644951,9.620788034,75.63502439,75.85529268,3.086486637,3.072693315,6.509224224,41.69,5.830951895,6,27.6,1.4,0.324757417,0.336472237,0.291225251,-84.38660536,-2.817468419,-0.446893953
63,Turkmenistan,E. Europe,5.548,5.658,5.822000027,0.274000027,TKM,9.622294694,9.67801439,9.733908857,67.49068293,67.64104878,3.799973502,3.770459441,9.175510885,83.44,4.69041576,4.242640687,4.8,4.2,0.577540647,1.435084525,0.222794975,-89.00346251,10.55415968,-0.776691219
64,Mauritius,Sub-Saharan Africa,5.477,5.648,5.629000187,0.152000187,MUS,9.86426103,9.907737056,9.956447542,74.19439024,74.35317073,2.541601993,2.501435952,5.164300533,27.69,7.348469228,7.280109889,35.8,2.7,0.491640886,0.993251773,0.214006058,-81.34958276,0.938987737,-1.580343493
65,Hong Kong,Eastern Asia,5.474,5.458,5.472000122,-0.001999878,HKG,10.92439972,10.94996345,10.97768269,83.9804878,84.27804878,3.193847943,3.163431302,5.427706698,28.5,8.774964387,8.660254038,34.93251534,0.3,0.253144602,-1.203972804,0.354321567,-80.95541509,1.324561024,-0.952350916
66,Estonia,E. Europe,5.429,5.517,5.611000061,0.182000061,EST,10.25917656,10.27321459,10.28754927,77.03414634,77.13170732,0.916290732,0.832909123,3.681032464,14.31,8.366600265,8.366600265,34.6,3.2,0.139534497,1.16315081,0.126646409,-74.2765027,0,-9.09990749
67,Indonesia,Southeast Asia,5.399,5.314,5.262000084,-0.136999916,IDN,9.262668321,9.309170861,9.359800041,68.8684878,69.03863415,3.131136911,3.100092289,6.268173578,41.72,6.08276253,6,39.5,0.5,0.543863472,-0.693147181,0.247059803,-84.97561463,1.379375505,-0.991480813
68,Vietnam,Southeast Asia,5.36,5.061,5.073999882,-0.286000118,VNM,8.640641384,8.7052085,8.767817079,75.69529268,75.89119512,2.867898902,2.850706502,8.6,74.27,5.744562647,5.567764363,34.8,1.5,0.719208266,0.405465108,0.258803993,-88.42062744,3.175390914,-0.599477218
69,Turkey,Middle East,5.332,5.389,5.5,0.168,TUR,10.04808306,10.08806397,10.09592131,75.15214634,75.40709756,2.459588842,2.388762789,7.032780389,50.76,6.403124237,6.480740698,41.2,4.3,0.077887456,1.458615023,0.339246758,-86.14503469,-1.197647994,-2.879589115
70,Kyrgyzstan,E. Europe,5.286,5.185,5.004000187,-0.281999813,KGZ,8.11717184,8.145309333,8.175027535,70.40243902,70.65121951,2.990719732,2.93385687,5.56057551,30.16,5.291502622,5.291502622,29,5.1,0.364850508,1.62924054,0.353369135,-81.56307855,0,-1.901310286
71,Nigeria,Sub-Saharan Africa,5.268,4.875,5.073999882,-0.194000118,NGA,8.695298635,8.705777999,8.677122909,52.54134146,52.97792683,4.234106505,4.203198967,6.3,35.9,5.291502622,5.099019514,43,9.8,-0.329150241,2.282382386,0.830936854,-82.45125348,3.774904333,-0.72996599
72,Bhutan,Southern Asia,5.253,5.196,5.011000156,-0.241999844,BTN,8.956706769,9.016313349,9.07612138,69.41797561,69.80712195,3.325036021,3.288401888,5.543464621,30.73,8.062257748,8.062257748,38.8,2.7,0.663331321,0.993251773,0.560584397,-81.96073993,0,-1.101766506
73,Azerbaijan,E. Europe,5.212,5.291,5.234000206,0.022000206,AZE,9.776087206,9.785816783,9.75575616,71.7247561,71.84519512,3.339321978,3.303216973,7.431688906,57.89,5.477225575,5.385164807,31.8,2.5,-0.307185629,0.916290732,0.16791834,-87.16239609,1.709525543,-1.081207649
74,Pakistan,Southern Asia,5.194,5.132,5.269000053,0.075000053,PAK,8.480649236,8.516944811,8.565847734,66.14919512,66.33217073,4.185098925,4.162003211,6.433506043,48.52,5.656854249,5.477225575,3.7,7.8,0.574183864,2.054123734,0.276610486,-86.74050692,3.279555899,-0.551855887
75,Jordan,Middle East,5.192,5.303,5.335999966,0.143999966,JOR,9.114109612,9.109485466,9.110527988,74.04495122,74.19102439,2.740840024,2.714694744,6.542170894,44.49,6.92820323,7.280109889,33.7,2,0.011444358,0.693147181,0.19727634,-85.29518792,-4.833809714,-0.953914854
76,China,Eastern Asia,5.14,5.245,5.272999763,0.132999763,CHN,9.505983742,9.57832966,9.650831635,75.95719512,76.11709756,2.219203484,2.140066163,8.646964785,80.96,6.32455532,6.08276253,42.2,0.7,0.756937565,-0.356674944,0.210516515,-89.31946049,3.975048982,-3.566023626
77,Zambia,Sub-Saharan Africa,5.129,4.795,4.513999939,-0.615000061,ZMB,8.249696523,8.258937674,8.274442497,60.71534146,61.33958537,3.802208139,3.779633817,6.039867548,35.08,6.164414003,6.164414003,57.1,5.8,0.187733872,1.757857918,1.028148562,-82.78258966,0,-0.593716104
78,Portugal,W. Europe,5.102,5.123,5.195000172,0.093000172,PRT,10.26834833,10.29849114,10.329545,81.12195122,81.52195122,1.064710737,1.064710737,3.97114593,17.27,7.874007874,8,35.6,1,0.301537926,0,0.493084787,-77.00552443,-1.574901575,0
79,Latvia,E. Europe,5.098,5.56,5.849999905,0.751999905,LVA,10.08195375,10.12340506,10.16704358,74.12439024,74.12439024,1.458615023,1.360976553,4.315089802,17.38,7.549834435,7.483314774,35.1,4.1,0.43106568,1.410986974,0,-75.1720955,0.88890637,-6.693916355
80,Philippines,Southeast Asia,5.073,5.279,5.429999828,0.356999828,PHL,8.844704758,8.898307034,8.962675013,68.87017073,69.00985366,3.095577609,3.068052935,6.409368144,44.66,5.916079783,5.916079783,4.1,9.8,0.723373311,2.282382386,0.202820653,-85.64852632,0,-0.889161148
81,Morocco,Middle East,5.013,5.151,5.235000134,0.222000134,MAR,8.915736559,8.956383579,8.966726787,75.25514634,75.52014634,3.18221184,3.148453361,6.513063795,42.64,6.08276253,6,4.7,1,0.1154842,0,0.352135386,-84.72546014,1.379375505,-1.060849548
82,Macedonia,E. Europe,5.007,5.121,5.175000191,0.168000191,MKD,9.511656086,9.548437921,9.623856427,75.358,75.52431707,2.351375257,2.370243741,5.978294071,36.09,6.08276253,6.480740698,35.6,1.6,0.789851771,0.470003629,0.220702606,-83.43503998,-6.140936455,0.802444622
83,Albania,E. Europe,4.959,4.655,4.644000053,-0.314999947,ALB,9.334796345,9.35051512,9.386688839,77.99839024,78.20314634,2.525728644,2.48490665,5.469917732,29.92,6.244997998,6,29,2.3,0.386863383,0.832909123,0.262513238,-81.7181894,4.083299973,-1.616246251
84,Bosnia and Herzegovina,E. Europe,4.949,5.163,5.18200016,0.23300016,BIH,9.3246917,9.366238446,9.39887197,76.46356098,76.64029268,1.667706821,1.648658626,5.264028875,28.45,6.244997998,6.164414003,33.8,1.5,0.348416543,0.405465108,0.231131924,-81.4972623,1.307245026,-1.142178873
85,Dominican Republic,S. America,4.885,5.155,5.230000019,0.345000019,DOM,9.496568889,9.563603555,9.629636968,73.51619512,73.70368293,3.261935314,3.238678452,5.173006863,27.9,5.567764363,5.744562647,44.9,17.4,0.690465806,2.856470206,0.255029262,-81.45875677,-3.07766308,-0.712977417
86,Mongolia,Eastern Asia,4.874,4.907,4.954999924,0.080999924,MNG,9.388872929,9.404915064,9.410861432,68.88260976,69.11587805,2.778819272,2.734367509,5.380520421,27.61,6.164414003,6.244997998,32,7.2,0.063226173,1.974081026,0.338646127,-80.51242151,-1.290376641,-1.599663678
87,Greece,W. Europe,4.857,5.033,5.227000237,0.370000237,GRC,10.18227586,10.17952476,10.19552355,81.43658537,81.58780488,1.131402111,1.131402111,5.557877293,30.35,6.633249581,6.782329983,35.8,0.8,0.157166421,-0.223143551,0.185689895,-81.68738948,-2.198070616,0
88,Lebanon,Middle East,4.839,5.129,5.224999905,0.385999905,LBN,9.56184797,9.542123444,9.546502007,79.32626829,79.4982439,1.974081026,1.931521412,5.73585216,31.95,5.291502622,5.291502622,31.8,3.9,0.045886666,1.360976553,0.216795286,-82.04741108,0,-2.155920343
89,Hungary,E. Europe,4.8,5.145,5.323999882,0.523999882,HUN,10.1462104,10.18248986,10.19169177,75.76341463,75.96097561,1.526056303,1.481604541,5.386093204,28.17,6.92820323,7.141428429,3.9,1.5,0.090369944,0.405465108,0.260760396,-80.88003833,-2.985749985,-2.912852066
90,Honduras,S. America,4.788,4.871,5.181000233,0.393000233,HND,8.402289572,8.431686923,8.463387154,73.12990244,73.32460976,2.809402695,2.772588722,6.522269544,44.62,5.477225575,5.567764363,5.1,63.8,0.375965461,4.15575319,0.266248571,-85.38263213,-1.626124632,-1.310384346
91,Tajikistan,E. Europe,4.786,4.996,5.040999889,0.254999889,TJK,7.89449443,7.941478306,7.999708899,70.82697561,71.00712195,3.645449896,3.61361697,7.09013399,50.34,5,5.099019514,34,1.4,0.733246264,0.336472237,0.254347074,-85.91550657,-1.941932431,-0.873223538
92,Tunisia,Middle East,4.739,5.045,4.804999828,0.065999828,TUN,9.334814637,9.345368764,9.358635248,75.31434146,75.49704878,2.493205453,2.459588842,5.676266379,31.6,6.403124237,6.164414003,35.8,3.1,0.141957836,1.131402111,0.242592999,-82.03713171,3.872391347,-1.348328946
93,Bangladesh,Southern Asia,4.694,4.643,4.607999802,-0.086000198,BGD,8.049359898,8.112329079,8.183311951,71.87165854,72.22160976,3.391147046,3.339321978,6.869497798,45.94,5.099019514,5,32.1,2.5,0.874999907,0.916290732,0.48691129,-85.04680497,1.980390272,-1.528245964
94,Ukraine,E. Europe,4.681,4.324,4.096000195,-0.584999805,UKR,9.069196172,8.980693482,9.020604998,71.18658537,71.1895122,2.091864062,2.054123734,5.374011537,32.93,5.385164807,5.196152423,25.5,4.4,0.444414638,1.481604541,0.004111491,-83.68049943,3.637545034,-1.804148208
95,Iraq,Middle East,4.677,4.575,4.497000217,-0.179999783,IRQ,9.647393309,9.673774131,9.761548298,69.42560976,69.63460976,3.284663565,3.254242969,7.156814934,54.35,4.123105626,4,29.5,66.1,0.907341493,4.191168747,0.301041648,-86.83198724,3.07764064,-0.926140413
96,South Africa,Sub-Saharan Africa,4.642,4.459,4.828999996,0.186999996,ZAF,9.48246051,9.490213884,9.489897317,60.95478049,61.93409756,3.569532696,3.532225644,4.485532298,21.92,6.708203932,6.633249581,63.4,34.3,-0.003335721,3.535145354,1.606628819,-79.53680521,1.129979369,-1.045152281
97,Ghana,Sub-Saharan Africa,4.633,4.276,4.119999886,-0.513000114,GHA,8.312664749,8.339034374,8.364874497,62.11378049,62.4072439,3.747148362,3.718438256,4.236744033,17.95,6.557438524,6.8556546,42.2,1.7,0.309869495,0.530628251,0.472461035,-76.39696918,-4.34992854,-0.766185459
98,Zimbabwe,Sub-Saharan Africa,4.61,4.193,3.875,-0.735,ZWE,7.606080227,7.607464441,7.604084753,59.24431707,60.27934146,3.737669618,3.688879454,6.435060217,40.41,4.69041576,4.582575695,43.2,6.7,-0.044425951,1.902107526,1.747044174,-84.07557481,2.353263144,-1.305363212
99,Liberia,Sub-Saharan Africa,4.571,3.622,3.532999992,-1.038000008,LBR,6.742513345,6.728719005,6.700591785,61.5012439,61.98021951,3.968403339,3.935739532,5.578530272,30.71,6.08276253,6.08276253,33.2,3.2,-0.418017455,1.16315081,0.778806378,-81.83480862,0,-0.823096949
100,India,Southern Asia,4.565,4.404,4.315000057,-0.249999943,IND,8.644302019,8.720382602,8.790624713,68.05002439,68.33260976,3.589059119,3.543853682,6.278534861,43.17,6.32455532,6.164414003,35.2,3.2,0.805493456,1.16315081,0.415261233,-85.45625467,2.597835209,-1.25953447
101,Sudan,Sub-Saharan Africa,4.55,4.139,4.138999939,-0.411000061,SDN,8.392077609,8.426849611,8.461742225,63.97473171,64.22941463,3.826465117,3.802208139,8.576712657,72.53,3.741657387,3.464101615,35.4,6.5,0.414064757,1.871802177,0.398099239,-88.17494463,8.012344973,-0.633926533
102,Haiti,S. America,4.518,4.028,3.602999926,-0.915000074,HTI,7.46227835,7.471995634,7.486715429,62.71314634,63.01078049,3.955082495,3.929862924,5.134199061,24.66,4.472135955,4.123105626,4.9,10,0.196999517,2.302585093,0.474596105,-79.18005247,8.465228909,-0.637649692
103,Congo (Kinshasa),Sub-Saharan Africa,4.517,4.272,4.28000021,-0.23699979,COD,6.639197302,6.683456941,6.685550743,58.74860976,59.17321951,4.304065093,4.276666119,7.257410006,50.97,4.582575695,4.69041576,42.1,13.4,0.031328134,2.595254707,0.722757103,-85.76140866,-2.299157908,-0.636583639
104,Nepal,Southern Asia,4.514,4.793,4.961999893,0.447999893,NPL,7.777871865,7.803771599,7.811099015,69.49897561,69.86985366,3.387774361,3.346389145,5.746303159,32.62,5.385164807,5.196152423,32.8,2.3,0.09389583,0.832909123,0.533645348,-82.38411049,3.637545034,-1.221604858
105,Ethiopia,Sub-Saharan Africa,4.512,4.508,4.460000038,-0.051999962,ETH,7.313614192,7.397772918,7.458715563,64.50690244,65.00829268,3.751854253,3.713572067,6.872408603,45.13,5.830951895,5.744562647,33.2,7.6,0.823797186,2.028148247,0.777266031,-84.77197296,1.503843785,-1.020353777
106,Sierra Leone,Sub-Saharan Africa,4.507,4.635,4.709000111,0.202000111,SLE,7.485769595,7.24511861,7.295330517,50.94260976,51.41285366,4.456670178,4.422448549,5.543464621,29.94,5.477225575,5.385164807,34,1.9,0.693044649,0.641853886,0.92308561,-81.48475411,1.709525543,-0.76787438
107,Mauritania,Sub-Saharan Africa,4.436,4.201,4.291999817,-0.144000183,MRT,8.255976756,8.251858286,8.2567461,62.8702439,63.04636585,4.019980147,3.996364154,5.12445119,24.03,5.196152423,5.567764363,32.4,10.2,0.059232892,2.32238772,0.280135624,-78.67477657,-6.674347474,-0.587465415
108,Kenya,Sub-Saharan Africa,4.419,4.356,4.552999973,0.133999973,KEN,7.97247538,8.012745063,8.0570418,66.19414634,66.64565854,3.597312261,3.572345638,5.244997617,31.16,5.099019514,5,48.5,5.8,0.552828485,1.757857918,0.682102912,-83.16753011,1.980390272,-0.694035461
109,Armenia,E. Europe,4.35,4.36,4.375999928,0.025999928,ARM,9.035599123,9.072174381,9.084545149,74.01958537,74.20619512,2.525728644,2.4765384,5.511805512,28.79,5.744562647,5.916079783,32.4,2.5,0.136359464,0.916290732,0.252108613,-80.8551389,-2.899168754,-1.94756647
110,Botswana,Sub-Saharan Africa,4.332,3.974,3.766000032,-0.565999968,BWA,9.727015712,9.702012188,9.725248769,64.69439024,65.75109756,3.523415014,3.484312288,4.992995093,22.91,7.745966692,7.937253933,6.5,10.5,0.2395027,2.351375257,1.633383229,-78.20604499,-2.409992705,-1.109796202
111,Myanmar,Southeast Asia,4.307,4.395,4.545000076,0.238000076,MMR,8.522123215,8.594035801,8.660929035,66.20721951,66.38563415,3.723280881,3.691376334,6.466838486,45.48,5.291502622,4.69041576,38.1,2.4,0.778368111,0.875468737,0.269479131,-85.78091802,12.81521496,-0.856893357
112,Georgia,E. Europe,4.297,4.252,4.285999775,-0.011000225,GEO,9.128731634,9.170489367,9.210033867,72.82063415,72.96612195,2.32238772,2.251291799,5.268775949,27.96,7.549834435,7.211102551,38.5,2.7,0.431214711,0.993251773,0.199789252,-81.15602307,4.697366068,-3.061328695
113,Malawi,Sub-Saharan Africa,4.292,4.156,3.970000029,-0.321999971,MWI,7.0462889,7.055462093,7.064172308,61.81660976,62.54336585,3.711130063,3.660994251,5.382378656,28.12,5.567764363,5.567764363,46.1,1.8,0.123453503,0.587786665,1.175664749,-80.85925087,0,-1.350958106
114,Sri Lanka,Southern Asia,4.271,4.415,4.440000057,0.169000057,LKA,9.325370756,9.373977782,9.418667834,74.81465854,74.98895122,2.116255515,2.079441542,6.658828726,44.96,6,6.08276253,39.2,2.9,0.476745868,1.064710737,0.23296595,-85.18943789,-1.360607617,-1.73958073
115,Cameroon,Sub-Saharan Africa,4.252,4.513,4.695000172,0.443000172,CMR,8.025704262,8.066148082,8.097344615,57.08780488,57.5575122,3.998200702,3.966511191,6.449030935,40.53,5.099019514,5.196152423,46.5,5.9,0.386758748,1.774952351,0.822780489,-84.08825331,-1.869323707,-0.792594302
116,Bulgaria,E. Europe,4.218,4.217,4.714000225,0.496000225,BGR,9.764574187,9.811856349,9.862617179,74.46585366,74.46585366,1.945910149,1.871802177,5.916924877,34.46,6.403124237,6.403124237,37.4,1.8,0.517341756,0.587786665,0,-82.82958538,0,-3.808396405
117,Egypt,Middle East,4.194,4.362,4.735000134,0.541000134,EGY,9.250266578,9.282576803,9.317553653,71.10956098,71.29565854,3.000719815,2.965273066,7.260165287,54.45,5.830951895,6,31.8,3.2,0.376801088,1.16315081,0.261705399,-86.66636311,-2.817468419,-1.181274867
118,Yemen,Middle East,4.077,3.724,3.592999935,-0.484000065,YEM,8.286001801,7.941651096,7.827292028,64.50717073,64.72568293,3.765840495,3.765840495,8.084553173,67.07,3.741657387,4.242640687,36.7,6.7,-1.439991093,1.902107526,0.338740945,-87.94609636,-11.80828963,0
119,Angola,Sub-Saharan Africa,4.033,3.866,3.795000076,-0.237999924,AGO,8.793975753,8.800023856,8.779413923,60.80673171,61.18934146,4.041295341,4.000033883,6.35767253,39.89,4.242640687,3.872983346,42.7,9.6,-0.234203147,2.261763098,0.629222685,-84.06198914,9.544511501,-1.020995866
120,Mali,Sub-Saharan Africa,3.995,4.073,4.190000057,0.195000057,MLI,7.583121547,7.622399352,7.657858326,56.98670732,57.45770732,4.242764567,4.219507705,6.186275131,39.83,5.656854249,5.916079783,33,10.8,0.465194389,2.379546134,0.826508535,-84.46830246,-4.381711253,-0.548153493
121,Congo (Brazzaville),Sub-Saharan Africa,3.989,4.236,4.290999889,0.301999889,COG,8.671417829,8.682992776,8.651512321,63.51531707,64.09073171,3.668676747,3.650658241,6.06052803,35.84,4.472135955,4.795831523,48.9,10.1,-0.36255305,2.312535424,0.905946261,-83.09004456,-6.749519176,-0.491144539
122,Uganda,Sub-Saharan Africa,3.931,3.739,4.080999851,0.149999851,UGA,7.470486741,7.496700276,7.522284896,59.15580488,59.5087561,3.668676747,3.629660094,5.820652884,32.58,5,5,41,11.8,0.341278414,2.468099531,0.596646805,-82.13427598,0,-1.0635075
123,Senegal,Sub-Saharan Africa,3.904,4.219,4.534999847,0.630999847,SEN,7.75762152,7.801967413,7.850804944,66.25782927,66.66143902,3.549617387,3.514526067,5.169139193,27.99,6.708203932,6.633249581,4.3,7.3,0.625964301,1.987874348,0.609150276,-81.53219295,1.129979369,-0.988594431
124,Gabon,Sub-Saharan Africa,3.896,4.121,4.465000153,0.569000153,GAB,9.773892416,9.794031388,9.804086987,65.20302439,65.68441463,3.577947893,3.535145354,5.878775383,32.2,5.916079783,5.830951895,42.2,9,0.102670676,2.197224577,0.738294342,-81.74293359,1.459931239,-1.196287383
125,Niger,Sub-Saharan Africa,3.845,3.856,4.027999878,0.182999878,NER,6.854563058,6.862325613,6.885920824,59.2405122,59.68187805,3.956996371,3.929862924,5.216320542,24.62,5.916079783,5.830951895,34,4.5,0.343836951,1.504077397,0.74504057,-78.81267042,1.459931239,-0.685708173
126,Cambodia,Southeast Asia,3.819,3.907,4.168000221,0.349000221,KHM,8.098990807,8.161653133,8.225631235,68.1062439,68.47204878,3.314186005,3.269568939,6.486139067,40.7,4.582575695,4.582575695,34.93251534,1.8,0.783886557,0.587786665,0.537109168,-84.06354038,0,-1.346245064
127,Tanzania,Sub-Saharan Africa,3.781,3.666,3.348999977,-0.432000023,TZA,7.836117456,7.883143125,7.932601436,64.1184878,64.90331707,3.725693427,3.696351469,5.536244214,28.65,5.656854249,5.477225575,37.8,7,0.627393293,1.945910149,1.2240296,-80.67628547,3.279555899,-0.78755697
128,Madagascar,Sub-Saharan Africa,3.681,3.695,3.644000053,-0.036999947,MDG,7.27605918,7.289899589,7.317218614,65.10131707,65.50782927,3.561046083,3.526360525,5.168171824,27.04,5.099019514,5.291502622,42.7,0.6,0.374751727,-0.510825624,0.62443007,-80.88693852,-3.637588834,-0.974027215
129,Chad,Sub-Saharan Africa,3.667,3.763,3.936000109,0.269000109,TCD,7.690530395,7.687162644,7.596516815,52.18107317,52.55395122,4.34120464,4.320151231,6.297618598,40.59,4.472135955,4.69041576,43.3,9,-1.179184482,2.197224577,0.714584863,-84.48480267,-4.653741075,-0.484966984
130,Guinea,Sub-Saharan Africa,3.656,3.607,3.506999969,-0.149000031,GIN,7.151648206,7.13941022,7.178306862,58.82490244,59.39895122,4.094344562,4.065602093,5.477225575,33.08,5.196152423,5,33.7,8.5,0.5448159,2.140066163,0.975860148,-83.44248617,3.923048454,-0.702004153
131,Ivory Coast,Sub-Saharan Africa,3.655,3.916,4.179999828,0.524999828,CIV,8.076401704,8.14948729,8.221378018,52.54707317,53.0782439,4.219507705,4.189654742,5.501817881,30.17,5.830951895,5.656854249,41.7,11.8,0.882150323,2.468099531,1.010847413,-81.76394471,3.07764064,-0.707498723
132,Burkina Faso,Sub-Saharan Africa,3.587,3.739,4.032000065,0.445000065,BFA,7.388770833,7.409277363,7.450150256,59.37529268,59.84465854,3.996364154,3.964615456,4.883646179,22.66,6.480740698,6.164414003,35.3,0.7,0.551644806,-0.356674944,0.790507025,-78.44816338,5.131496608,-0.794439573
133,Afghanistan,Southern Asia,3.575,3.36,3.79399991,0.21899991,AFG,7.536602527,7.528936064,7.53718743,62.90268293,63.29819512,4.005513349,3.974058396,5.682429058,37.75,3.872983346,3.31662479,34.93251534,6.6,0.109595379,1.887069649,0.628768395,-84.94720779,16.77484162,-0.785291408
134,Rwanda,Sub-Saharan Africa,3.465,3.515,3.470999956,0.005999956,RWA,7.439433325,7.510406302,7.556638121,66.11334146,66.62087805,3.414442608,3.374168709,7.355949973,54.61,7.348469228,7.348469228,5.4,4.5,0.615570157,1.504077397,0.767676506,-86.53003118,0,-1.179516066
135,Benin,Sub-Saharan Africa,3.34,3.484,3.657000065,0.317000065,BEN,7.653485975,7.65718619,7.681657409,60.31812195,60.58468293,4.168214411,4.14472077,5.506359959,28.97,6,6.08276253,47.8,6,0.319585001,1.791759469,0.441925198,-80.99288934,-1.360607617,-0.563638022
136,Burundi,Sub-Saharan Africa,2.905,2.905,2.904999971,-2.90E-08,BDI,6.740589025,6.680847672,6.656670612,56.66331707,57.06934146,3.914021008,3.879499814,7.46860094,54.1,4.472135955,4.582575695,39.2,4,-0.361886116,1.386294361,0.716555985,-86.19482266,-2.409992705,-0.881987968
137,Togo,Sub-Saharan Africa,2.839,3.303,3.494999886,0.655999886,TGO,7.233869758,7.271181235,7.307153033,59.57634146,59.92370732,3.953164949,3.925925911,5.545268253,30.31,5.656854249,5.656854249,43,9.1,0.494717396,2.208274414,0.583060073,-81.70482266,0,-0.689043805