Country Name,Country Code,Indicator Name,Indicator Code,1960,1961,1962,1963,1964,1965,1966,1967,1968,1969,1970,1971,1972,1973,1974,1975,1976,1977,1978,1979,1980,1981,1982,1983,1984,1985,1986,1987,1988,1989,1990,1991,1992,1993,1994,1995,1996,1997,1998,1999,2000,2001,2002,2003,2004,2005,2006,2007,2008,2009,2010,2011,2012,2013,2014,2015,2016,2017
Aruba,ABW,"Mortality rate, infant (per 1,000 live births)",SP.DYN.IMRT.IN,,,,,,,,,,,,,,,,,,,,,,,,,,,,,,,,,,,,,,,,,,,,,,,,,,,,,,,,,,
Afghanistan,AFG,"Mortality rate, infant (per 1,000 live births)",SP.DYN.IMRT.IN,245.7,241.2,236.9,232.7,228.5,224.4,220.5,216.5,212.7,208.7,204.8,201,197,193.1,188.8,184.7,180.6,176.3,172,167.7,163.3,158.9,154.4,149.8,145.6,141.3,137,132.7,128.5,124.3,120.2,116.4,112.9,109.5,106.3,103.3,100.5,97.9,95.4,93.1,90.8,88.4,86.1,83.6,81.1,78.5,76,73.4,70.8,68.2,65.7,63.3,61,58.8,56.8,54.9,53.2,
Angola,AGO,"Mortality rate, infant (per 1,000 live births)",SP.DYN.IMRT.IN,,,,,,,,,,,,,,,,,,,,,139.7,138,136.2,134.6,133.2,132.3,131.5,131.1,130.8,130.7,130.9,131.2,131.6,132,132.2,132,131.2,129.9,128.1,125.8,122.9,119.6,115.8,111.3,106.6,101.5,96.3,90.9,85.6,80.3,75.4,70.7,66.5,62.7,59.5,56.9,54.6,
Albania,ALB,"Mortality rate, infant (per 1,000 live births)",SP.DYN.IMRT.IN,,,,,,,,,,,,,,,,,,,72.7,68,63.4,59.1,55.4,51.7,48.4,45.3,42.5,40.1,38,36.2,34.7,33.3,32.1,31,30,28.9,27.7,26.6,25.4,24.2,23.1,22,20.9,20,19,18.2,17.4,16.7,16,15.4,14.8,14.3,13.8,13.3,12.9,12.5,12,
Andorra,AND,"Mortality rate, infant (per 1,000 live births)",SP.DYN.IMRT.IN,,,,,,,,,,,,,,,,,,,,,,,,,,10.6,9.8,9.2,8.5,7.9,7.4,6.8,6.3,5.9,5.5,5.2,4.9,4.6,4.3,4.2,4,3.8,3.7,3.6,3.5,3.3,3.3,3.2,3.1,3,2.9,2.9,2.8,2.7,2.6,2.5,2.4,
Arab World,ARB,"Mortality rate, infant (per 1,000 live births)",SP.DYN.IMRT.IN,,,,,,,,,,,,,,,,,,,,,,,,,,,,,,,58.41309445,56.73772847,55.19224388,53.76186506,52.33622374,50.99182145,49.63367837,48.29809529,46.97909691,45.67623432,44.37062934,43.12560391,41.82617797,40.61444851,39.403633,38.26503252,37.13227952,35.96588943,34.79423714,33.65595408,32.64333063,31.78932594,31.03451192,30.33591623,29.72627427,29.15632679,28.60402728,
United Arab Emirates,ARE,"Mortality rate, infant (per 1,000 live births)",SP.DYN.IMRT.IN,137.1,130.5,123.9,117.5,111,104.3,97.5,90.6,83.8,77.2,71,65.1,59.6,54.7,50.2,46,42.1,38.4,35,31.9,29.1,26.5,24.4,22.4,20.8,19.4,18.1,16.9,15.9,15,14.2,13.5,12.8,12.3,11.8,11.3,10.9,10.5,10.2,9.9,9.6,9.3,9.1,8.9,8.6,8.4,8.2,8,7.8,7.5,7.3,7.1,7,6.9,6.8,6.7,6.6,
Argentina,ARG,"Mortality rate, infant (per 1,000 live births)",SP.DYN.IMRT.IN,,,,,,,,,,60,59.4,58.7,57.8,56.7,55.2,53.1,50.5,47.3,43.9,40.5,37.5,34.7,32.4,30.4,28.7,27.4,26.4,25.9,25.7,25.6,25.5,25.1,24.4,23.6,22.6,21.6,20.6,19.7,18.8,18,17.3,16.7,16.2,15.7,15.2,14.8,14.4,14.1,13.7,13.4,12.9,12.4,11.9,11.3,10.8,10.3,9.9,
Armenia,ARM,"Mortality rate, infant (per 1,000 live births)",SP.DYN.IMRT.IN,,,,,,,,,,,,,,,,,71,68.4,65.9,63.6,61.3,59.1,57.1,55.1,53.2,51.4,49.5,47.8,49.9,44.2,42.4,40.6,38.8,37,35.3,33.6,32.1,30.6,29.2,27.8,26.6,25.3,24.1,23,21.9,20.8,19.8,18.8,17.9,17,16.2,15.3,14.6,13.8,13.2,12.5,11.9,
American Samoa,ASM,"Mortality rate, infant (per 1,000 live births)",SP.DYN.IMRT.IN,,,,,,,,,,,,,,,,,,,,,,,,,,,,,,,,,,,,,,,,,,,,,,,,,,,,,,,,,,
Antigua and Barbuda,ATG,"Mortality rate, infant (per 1,000 live births)",SP.DYN.IMRT.IN,,,,,,,,,,,,,,,,,,,,,,,,,,34.2,32,30.1,28.2,26.5,24.9,23.3,21.9,20.4,19.2,18,16.9,15.8,14.9,13.9,13.1,12.3,11.7,11.1,10.5,9.9,9.4,8.9,8.4,7.9,7.4,6.9,6.5,6.1,5.7,5.3,5.1,
Australia,AUS,"Mortality rate, infant (per 1,000 live births)",SP.DYN.IMRT.IN,20.4,19.9,19.5,19.1,18.7,18.5,18.3,18.2,18.2,18,17.8,17.5,16.9,16.1,15.3,14.4,13.4,12.6,11.9,11.3,10.8,10.4,10.1,9.8,9.6,9.3,9.1,8.8,8.4,8,7.6,7.2,6.7,6.3,6,5.8,5.6,5.4,5.3,5.2,5.1,5,5,4.9,4.8,4.7,4.7,4.5,4.3,4.2,4,3.9,3.6,3.5,3.4,3.2,3.1,
Austria,AUT,"Mortality rate, infant (per 1,000 live births)",SP.DYN.IMRT.IN,37.2,34.9,32.9,31.2,29.7,28.3,27.3,26.4,25.7,25.3,25,24.7,24.1,23,21.6,19.8,18.1,16.6,15.5,14.6,13.8,13.2,12.6,11.9,11.3,10.7,10.1,9.5,8.9,8.4,8,7.7,7.1,6.6,6.2,5.7,5.3,5,4.8,4.7,4.6,4.5,4.4,4.3,4.2,4.1,4,3.8,3.8,3.7,3.5,3.5,3.4,3.2,3,3,2.9,
Azerbaijan,AZE,"Mortality rate, infant (per 1,000 live births)",SP.DYN.IMRT.IN,,,,,,,,,,,,,,,,,,,,,,,84.2,82.6,81.1,79.7,78.3,77.2,76.1,75.5,75.4,75.6,75.9,76.2,76,75.1,73.5,71.2,68.2,64.7,60.8,57,53.3,49.9,46.9,44.1,41.7,39.5,37.5,35.7,34.1,32.6,31.4,30.2,29.1,28.2,27.2,
Burundi,BDI,"Mortality rate, infant (per 1,000 live births)",SP.DYN.IMRT.IN,,,,,142,142.9,143.7,144.7,145.3,145.6,145.9,146,146.1,146.1,146.1,145.7,144.7,142.8,139.8,135.7,130.9,125.7,120.2,115,110.3,106.5,104.1,102.7,102.4,102.6,103,103.5,103.8,103.8,103.3,102.4,101.2,99.6,97.6,95.3,92.8,90.2,87.6,84.6,81.3,77.9,74.2,70.5,67,63.8,60.9,58.3,56,53.9,52,50.1,48.4,
Belgium,BEL,"Mortality rate, infant (per 1,000 live births)",SP.DYN.IMRT.IN,29.4,28.1,27,25.9,25,24.1,23.3,22.5,21.9,21.3,20.5,19.7,18.7,17.7,16.7,15.8,14.9,14.1,13.5,12.8,12.2,11.7,11.2,10.7,10.2,9.9,9.5,9.2,8.9,8.6,8.3,8,7.7,7.2,6.8,6.3,5.9,5.5,5.3,5,4.9,4.7,4.5,4.3,4.3,4.1,4,3.9,3.8,3.7,3.7,3.6,3.5,3.4,3.3,3.2,3.1,
Benin,BEN,"Mortality rate, infant (per 1,000 live births)",SP.DYN.IMRT.IN,189.7,186.5,182.9,178.8,174.7,170.8,167,163.8,161.1,158.9,157,154.9,152.6,149.7,146.5,142.9,139.1,135.4,132,129.3,127.2,125.3,123.6,121.8,120,118,116.1,114.1,112.1,109.8,107.4,104.9,102.5,100.1,98.1,96.4,95,93.8,92.4,90.9,89.2,87.1,84.9,82.6,80.3,78.2,76.3,74.6,73.2,71.9,70.8,69.7,68.6,67.4,66.1,64.6,63.1,
Burkina Faso,BFA,"Mortality rate, infant (per 1,000 live births)",SP.DYN.IMRT.IN,156,154.3,152.5,151,149.7,148.4,147.3,146.4,145.5,144.7,143.9,142.8,141.3,139,135.7,131.7,127.5,123.3,119.6,116.5,113.9,111.8,109.9,108.2,106.5,104.8,103.1,101.4,100.1,99.1,98.6,98.4,98.4,98.3,97.9,97.3,96.3,95.2,94,92.8,91.6,90.2,88.6,86.7,84.3,81.4,78.4,75.2,72.1,69.1,66.2,63.4,60.7,58.4,56.3,54.4,52.7,
Bangladesh,BGD,"Mortality rate, infant (per 1,000 live births)",SP.DYN.IMRT.IN,174.9,170.6,166.4,162.7,159.4,156.6,154.2,152.3,150.9,149.9,149.2,148.6,148,147.3,146.4,145.1,143.4,141.4,139,136.4,133.6,130.7,127.7,124.6,121.2,117.9,114.4,110.8,107.1,103.4,99.7,95.9,92.1,88.3,84.5,80.8,77.2,73.7,70.3,67,64,61,58.2,55.6,53.1,50.6,48.2,45.8,43.5,41.3,39.1,37,35,33.2,31.4,29.7,28.2,
Bulgaria,BGR,"Mortality rate, infant (per 1,000 live births)",SP.DYN.IMRT.IN,,,,33,32.1,31.7,31.5,31.2,30.3,28.8,27.6,26.5,25.7,25.1,24.6,24.1,23.5,22.8,21.7,20.6,19.6,18.7,18.1,17.4,16.7,15.8,14.9,14.3,14.2,14.2,14.7,15,15.3,15.4,15.3,15.5,15.6,15.7,15.4,14.9,14.3,13.7,13.2,12.5,11.8,11,10.4,9.8,9.5,9.3,9.1,8.7,8.3,7.9,7.4,7,6.5,
Bahrain,BHR,"Mortality rate, infant (per 1,000 live births)",SP.DYN.IMRT.IN,133.9,123.3,113.7,104.8,96.5,88.5,81.2,74.4,68.2,62.4,57.2,52.5,48.2,44.3,40.8,37.7,35.1,32.7,30.5,28.6,26.9,25.4,24,22.9,21.9,21.1,20.5,20.1,19.8,19.7,19.5,19.3,18.7,17.9,16.8,15.5,14.2,13.1,12.1,11.3,10.8,10.3,10,9.7,9.4,9.1,8.8,8.4,8,7.7,7.3,7.1,6.9,6.8,6.7,6.6,6.5,
"Bahamas, The",BHS,"Mortality rate, infant (per 1,000 live births)",SP.DYN.IMRT.IN,,,,,,,,,25,25.5,26,26.5,26.9,27.2,27.3,27.2,27,26.6,26.2,25.7,25.2,24.8,24.3,24,23.7,23.4,22.9,22.3,21.4,20.5,19.6,18.8,17.9,17.1,16.3,15.5,14.8,14.2,13.7,13.4,13.3,13.3,13.4,13.4,13.4,13.3,13.2,12.8,12.4,11.9,11.3,10.8,10.3,9.8,9.4,9,8.6,
Bosnia and Herzegovina,BIH,"Mortality rate, infant (per 1,000 live births)",SP.DYN.IMRT.IN,,,,,,,,,,,,,,,,,,,,,,,,,26.2,24.1,22.1,20.4,18.9,17.4,16.1,14.9,14.4,13.6,12.3,11.7,10.7,10.1,9.6,9,8.7,8.4,8.1,8,7.9,7.7,7.4,7,6.7,6.2,6,5.7,5.5,5.4,5.3,5.3,5.2,
Belarus,BLR,"Mortality rate, infant (per 1,000 live births)",SP.DYN.IMRT.IN,,,,,,,,,,,,,,,,,,,,,17.3,16.5,15.8,15.2,14.7,14.2,13.7,13.2,12.8,12.3,12.1,12.1,12.2,12.3,12.4,12.4,12.2,11.9,11.4,10.7,10,9.2,8.4,7.7,7.2,6.5,6,5.5,5,4.6,4.2,3.9,3.6,3.4,3.2,3,2.9,
Belize,BLZ,"Mortality rate, infant (per 1,000 live births)",SP.DYN.IMRT.IN,,,,,,,,78.1,75.3,72.5,69.9,67.4,65,62.7,60.5,58.5,56.6,54.9,53.2,51.6,50,48.3,46.6,44.9,43.2,41.3,39.4,37.4,35.5,33.6,31.7,30,28.4,27,25.7,24.6,23.6,22.7,21.9,21.2,20.4,19.8,19.2,18.7,18.3,17.9,17.5,17.2,16.9,16.5,16.1,15.6,15.1,14.6,14,13.4,12.8,
Bermuda,BMU,"Mortality rate, infant (per 1,000 live births)",SP.DYN.IMRT.IN,,,,,,,,,,,,,,,,,,,,,,,,,,,,,,,,,,,,,,,,,,,,,,,,,,,,,,,,,,
Bolivia,BOL,"Mortality rate, infant (per 1,000 live births)",SP.DYN.IMRT.IN,175,171.8,168.6,165.7,162.6,159.6,156.5,153.4,150.3,147.1,144,140.7,137.5,134.1,130.6,127.1,123.8,120.5,117.4,114.5,111.8,109.2,106.7,104.2,101.7,99.1,96.4,93.6,90.8,88,85.2,82.5,79.8,77.1,74.5,71.8,69.2,66.5,63.8,61.2,58.5,55.9,53.4,51,48.6,46.4,44.1,42,40,38.1,36.5,35.1,33.8,32.6,31.5,30.5,29.5,
Brazil,BRA,"Mortality rate, infant (per 1,000 live births)",SP.DYN.IMRT.IN,128.8,125.6,122.4,119.6,116.9,114.3,112,109.7,107.5,105.2,102.8,100.4,97.9,95.5,93.1,90.7,88.3,85.7,83.1,80.2,77.2,74.3,71.3,68.5,65.8,63.4,61.2,59.2,57.3,55.4,53.4,51.3,49.1,46.8,44.3,41.9,39.5,37.3,35.1,33.1,31.3,29.4,27.7,26.1,24.6,23.1,21.8,20.6,19.6,18.6,17.7,16.9,16.1,15.3,14.7,14,13.5,
Barbados,BRB,"Mortality rate, infant (per 1,000 live births)",SP.DYN.IMRT.IN,69.6,65,61.1,57.6,54.5,51.7,49.2,47.1,45,43,41.1,39.1,37.3,35.4,33.5,31.7,30,28.2,26.6,25.2,23.8,22.7,21.7,20.9,20.1,19.4,18.8,18.1,17.4,16.6,15.9,15.2,14.5,14,13.6,13.2,13.1,13,13,13.2,13.4,13.6,13.8,14,14.1,14.1,13.9,13.8,13.5,13.3,13.1,12.8,12.6,12.3,12,11.7,11.4,
Brunei Darussalam,BRN,"Mortality rate, infant (per 1,000 live births)",SP.DYN.IMRT.IN,,,,,,,,,,,,,,,,,,,,,,,11.9,11.5,11.2,10.9,10.7,10.4,10.3,10.2,10.2,10.3,10.3,10.2,10.1,10,9.8,9.7,9.6,9.6,9.5,9.6,9.6,9.7,9.6,9.5,9.4,9.2,9.1,9,8.8,8.8,8.7,8.7,8.6,8.5,8.5,
Bhutan,BTN,"Mortality rate, infant (per 1,000 live births)",SP.DYN.IMRT.IN,,,,,,,,,,,184.5,178.8,173,167.3,162,156.5,151.1,146.1,141.1,136.3,131.6,126.9,122.2,117.7,113.5,109.3,105.1,101.1,97.1,93.2,89.5,85.9,82.4,79.1,75.8,72.6,69.4,66.3,63.3,60.4,57.6,54.9,52.4,49.8,47.4,44.9,42.6,40.4,38.3,36.2,34.4,32.7,31.3,30,28.8,27.8,26.8,
Botswana,BWA,"Mortality rate, infant (per 1,000 live births)",SP.DYN.IMRT.IN,115.2,112,108.7,105.7,102.7,99.8,96.9,93.9,91.1,88.1,85.1,82,78.9,75.6,72.4,69.1,65.9,62.7,59.7,56.8,54.1,51.6,49.3,47.1,45.2,43.5,42.1,41.2,40.7,40.8,41.5,42.7,44.3,46.1,47.8,49.4,50.6,51.5,52,52.8,52.2,51.4,50.4,49.3,47.9,44.2,42.9,43.4,42.8,41.5,40.1,40.3,38.8,36.7,35.9,33.9,32.6,
Central African Republic,CAF,"Mortality rate, infant (per 1,000 live births)",SP.DYN.IMRT.IN,164.6,162,159.3,156.6,153.8,150.9,147.8,144.6,141.5,138.7,136,133.3,131,128.9,126.8,125,123.3,121.7,120.2,118.8,117.6,116.7,116,115.5,115.1,114.8,114.4,114.2,114.1,114,114,114.1,114.2,114.5,114.7,114.7,114.7,114.4,113.8,113.2,112.4,111.6,110.8,109.9,109,108.1,106.9,106,104.7,103,101.3,99.4,97.5,96,93.5,91.2,88.5,
Canada,CAN,"Mortality rate, infant (per 1,000 live births)",SP.DYN.IMRT.IN,27.8,26.9,26,25,24.1,23,22.1,21.2,20.3,19.4,18.5,17.7,16.8,15.8,15,14.2,13.3,12.5,11.8,11,10.3,9.7,9.2,8.7,8.3,8,7.7,7.5,7.2,7.1,6.8,6.6,6.4,6.1,6,5.7,5.6,5.4,5.4,5.3,5.2,5.3,5.3,5.2,5.2,5.2,5.2,5.1,5,5,4.9,4.8,4.7,4.7,4.6,4.5,4.3,
Central Europe and the Baltics,CEB,"Mortality rate, infant (per 1,000 live births)",SP.DYN.IMRT.IN,,,,,,,,,,,,,,,,,,,,,,,,,,,,,,,16.15403296,15.62115737,15.13574878,14.75761684,14.34515531,13.74184746,13.05837333,12.28865895,11.62787356,10.97928114,10.44203804,9.931025156,9.585703468,9.2376008,8.780556088,8.291961632,7.736607742,7.178753435,6.732496878,6.296051456,6.019182843,5.718168868,5.462348016,5.263059621,5.041611135,4.892032884,4.734830422,
Switzerland,CHE,"Mortality rate, infant (per 1,000 live births)",SP.DYN.IMRT.IN,21.7,21.2,20.8,20.1,19.3,18.4,17.6,16.9,16.2,15.7,15,14.3,13.6,12.8,12,11.2,10.4,9.8,9.2,8.7,8.4,8.1,7.8,7.6,7.4,7.3,7.2,7.1,7,6.8,6.7,6.3,6.1,5.8,5.5,5.2,5,4.9,4.8,4.7,4.7,4.6,4.5,4.5,4.4,4.3,4.2,4.1,4,4,3.9,3.9,3.8,3.8,3.7,3.6,3.6,
Channel Islands,CHI,"Mortality rate, infant (per 1,000 live births)",SP.DYN.IMRT.IN,,,,,,,,,,,,,,,,,,,,,,,,,,,,,,,,,,,,,,,,,,,,,,,,,,,,,,,,,,
Chile,CHL,"Mortality rate, infant (per 1,000 live births)",SP.DYN.IMRT.IN,127.7,121.1,116.5,112,105.4,96.4,87,79.1,73.1,69.2,67.2,66.3,65.6,64.1,60.7,55.1,48.5,41.8,35.8,31.4,28.2,25.5,23,20.8,19.4,18.9,18.7,18.4,17.9,17.1,16,14.9,13.7,12.7,11.7,11,10.5,10.2,10,9.7,9.2,8.7,8.3,8,7.9,7.8,7.7,7.7,7.8,7.6,7.5,7.4,7.3,7.3,7.4,7.3,7.2,
China,CHN,"Mortality rate, infant (per 1,000 live births)",SP.DYN.IMRT.IN,,,,,,,,,,84.3,80.6,76.9,73.4,69.8,66.3,62.8,59.3,56,53,50.5,48.2,46.3,44.8,43.6,42.8,42.4,42.2,42.2,42.3,42.3,42.2,41.8,41.1,40.1,39,37.7,36.4,35,33.5,31.9,30.1,28.3,26.2,24.2,22.2,20.3,18.6,17.1,15.8,14.6,13.5,12.5,11.6,10.7,9.9,9.2,8.5,
Cote d'Ivoire,CIV,"Mortality rate, infant (per 1,000 live births)",SP.DYN.IMRT.IN,212.1,206.5,201,195.7,190.4,185.5,180.7,175.8,171.2,166.5,161.8,157,151.7,146.3,140.6,134.9,129.3,124.1,119.7,116.1,113.1,110.6,108.7,107.2,106,105.2,104.6,104.2,104.1,104.2,104.2,104.4,104.5,104.7,104.7,104.7,104.5,104,103.2,102.1,100.7,96.9,95.1,93.2,91.1,89,86.8,83.7,81.5,79.5,78.4,76.5,74.6,72.3,70.1,68,66,
Cameroon,CMR,"Mortality rate, infant (per 1,000 live births)",SP.DYN.IMRT.IN,164,160.6,158.1,155.9,154,151.1,147.3,142.2,136.4,130.5,125.1,120.7,117.4,115.3,114.5,114.3,114.4,114.3,113.6,112.3,110.3,107.6,104.4,100.9,97.2,93.6,90.7,88.5,87.4,87.5,88.5,90.6,93.2,96.1,98.8,101.2,103,104.2,104.2,102.9,100.5,97.2,93.6,90.1,86.9,84.1,81.1,78.2,75.1,72,68.3,65.4,62.3,59.3,57,54.5,52.8,
"Congo, Dem. Rep.",COD,"Mortality rate, infant (per 1,000 live births)",SP.DYN.IMRT.IN,,,,,,,,,,150.9,149.2,147.5,145.8,144.1,142.2,140.4,138.4,136.6,134.6,132.8,131.2,129.5,127.9,126.4,125.1,123.8,122.6,121.5,120.5,119.4,118.4,117.4,116.5,115.6,114.8,113.9,112.9,111.6,110.2,108.6,106.8,104.7,102.5,100.4,98.1,95.8,93.5,91.2,88.9,86.7,84.5,82.3,80.2,78.1,76,74,72,
"Congo, Rep.",COG,"Mortality rate, infant (per 1,000 live births)",SP.DYN.IMRT.IN,110.1,108,105.8,103.7,101.4,99,96.6,94.2,91.7,89.5,87.2,85,83,81.1,79.3,77.6,76.1,74.5,72.9,71.2,69.6,68,66.4,64.7,63.1,61.6,60.3,59.4,58.9,58.9,59.3,60.2,61.5,63.2,65.1,67.3,69.5,71.7,73.5,74.4,74.2,72.8,70.2,66.7,62.8,58.7,54.8,51.4,48.4,46,44.1,42.6,41.4,40.6,39.9,39.2,38.5,
Colombia,COL,"Mortality rate, infant (per 1,000 live births)",SP.DYN.IMRT.IN,94.6,91.7,88.9,86.3,83.9,81.6,79.4,77.2,75,72.7,70.4,68.1,65.8,63.3,60.7,58.1,55.4,52.7,49.9,47.2,44.6,42.2,39.9,37.8,36,34.4,32.9,31.7,30.7,29.7,28.9,28.1,27.2,26.4,25.6,24.8,24,23.2,22.5,21.8,21.2,20.6,20,19.5,19,18.4,17.9,17.4,16.9,16.4,15.9,15.4,14.9,14.5,14,13.6,13.1,
Comoros,COM,"Mortality rate, infant (per 1,000 live births)",SP.DYN.IMRT.IN,,,,,,,,,,,151.4,148.1,145.1,142.3,139.3,136.3,133.2,129.9,126.4,122.8,119.3,115.7,112.1,108.7,105.4,102.1,99.1,96.2,93.4,90.8,88.3,85.8,83.4,81.2,79.2,77.6,76.3,75.3,74.6,74.1,73.8,73.7,73.8,73.6,73.1,72.1,70.7,69.3,67.8,66.1,64.5,62.7,61.3,59.7,58.1,56.5,55,
Cabo Verde,CPV,"Mortality rate, infant (per 1,000 live births)",SP.DYN.IMRT.IN,,,,,,,,,,125.4,116.3,108.2,100.5,93.7,87.4,81.9,77.2,73.1,69.8,67.2,65.4,64.1,63.1,62.1,60.9,59.2,57,54.6,52,49.8,48,46.7,45.9,45.3,44.6,43.3,41.3,38.6,35.5,32.4,29.5,27.1,25.4,24.3,23.7,23.4,23.4,23.3,23.1,22.8,22.3,21.7,20.9,20.3,19.6,18.9,18.2,
Costa Rica,CRI,"Mortality rate, infant (per 1,000 live births)",SP.DYN.IMRT.IN,,,,,,69,66.2,64.2,63.2,62.9,61.5,57.6,52.3,47.1,42.7,38.1,33,28.1,24.1,21.4,19.8,19.2,19.1,19.4,19.6,19.2,18.3,17,15.8,14.9,14.3,13.8,13.4,13,12.7,12.5,12.6,12.7,12.4,11.8,11.1,10.5,10.1,9.6,9.3,9.1,8.9,9,9,8.9,8.8,8.8,8.7,8.5,8.2,7.9,7.7,
Caribbean small states,CSS,"Mortality rate, infant (per 1,000 live births)",SP.DYN.IMRT.IN,,,,,,,,,,,,,,,,,,,,,,,,,,,,,,,28.95375577,28.2287611,27.50864374,26.80017716,26.14882781,25.47594489,24.88016919,24.2651229,23.69248944,23.15615519,22.66574758,22.19310179,21.74388767,21.30952827,20.86741948,20.48514558,20.09842789,19.66304467,19.25435247,18.83323333,18.40608533,17.9647029,17.49965961,17.02538778,16.56501436,16.06064982,15.58859297,
Cuba,CUB,"Mortality rate, infant (per 1,000 live births)",SP.DYN.IMRT.IN,,,,41.7,40.6,39.6,38.8,38.5,39.1,39.6,38,34.2,30.4,27.9,26.5,24.9,22.9,20.6,18.9,17.5,16.7,16.3,16.2,16.1,15.7,15.1,14.1,13.1,12.2,11.4,10.6,9.7,9,8.8,8.7,8.4,7.8,7.3,6.9,6.7,6.4,6.3,6,5.8,5.6,5.3,5.1,4.9,4.9,4.8,4.7,4.6,4.4,4.4,4.3,4.3,4.2,
Curacao,CUW,"Mortality rate, infant (per 1,000 live births)",SP.DYN.IMRT.IN,,,,,,,,,,,,,,,,,,,,,,,,,,,,,,,,,,,,,,,,,,,,,,,,,,,,,,,,,,
Cayman Islands,CYM,"Mortality rate, infant (per 1,000 live births)",SP.DYN.IMRT.IN,,,,,,,,,,,,,,,,,,,,,,,,,,,,,,,,,,,,,,,,,,,,,,,,,,,,,,,,,,
Cyprus,CYP,"Mortality rate, infant (per 1,000 live births)",SP.DYN.IMRT.IN,,,,,,,,,,,,,,,,,,,,20.8,19.1,17.6,16.1,14.7,13.4,12.2,11.3,10.7,10.3,10.1,9.9,9.6,9.3,8.8,8.5,7.9,7.4,7,6.5,6.1,5.8,5.4,5,4.7,4.4,4.1,3.8,3.6,3.3,3.1,3,2.8,2.6,2.4,2.3,2.2,2.1,
Czech Republic,CZE,"Mortality rate, infant (per 1,000 live births)",SP.DYN.IMRT.IN,,,,,,,,,,,,,,,,,,,,,,13.3,13.2,13.1,12.8,12.6,12.1,11.6,11.2,10.7,10.3,9.9,9.3,8.7,7.9,7.1,6.4,5.8,5.2,4.8,4.5,4.3,4.1,3.9,3.7,3.6,3.3,3.1,3,2.8,2.7,2.6,2.6,2.5,2.5,2.5,2.5,
Germany,DEU,"Mortality rate, infant (per 1,000 live births)",SP.DYN.IMRT.IN,,,,,,,,,23.4,22.7,22,21.4,20.6,19.7,18.8,17.7,16.5,15.5,14.4,13.5,12.6,11.8,11,10.4,9.8,9.2,8.8,8.2,7.8,7.4,7,6.5,6.2,5.9,5.5,5.3,5.1,4.8,4.7,4.5,4.4,4.3,4.2,4.1,4,3.9,3.8,3.7,3.6,3.6,3.5,3.4,3.3,3.3,3.3,3.3,3.2,
Djibouti,DJI,"Mortality rate, infant (per 1,000 live births)",SP.DYN.IMRT.IN,,,,,,,,,,,,,,,,,129.9,126.5,123.2,120,117.1,114.1,111,108.2,105.4,102.5,99.9,97.4,95.2,93.2,91.4,89.9,88.5,87.3,86.2,85.2,84.2,83.1,82.1,80.8,79.4,77.8,76.2,74.5,72.9,71.1,69.4,67.6,65.9,64.2,62.5,60.9,59.3,57.8,56.4,54.9,53.5,
Dominica,DMA,"Mortality rate, infant (per 1,000 live births)",SP.DYN.IMRT.IN,84.4,78.5,73.1,68.3,64,60.3,56.9,53.9,51.1,48,44.5,40.7,36.5,32.3,28.3,24.8,21.8,19.4,17.4,15.9,14.9,14.1,13.5,13.3,13.2,13.2,13.3,13.5,13.7,13.9,14,14.1,14.2,14.2,14.1,14,13.9,13.7,13.6,13.4,13.4,13.2,13.3,13.4,13.8,14.3,14.9,15.7,16.9,18.3,20,21.9,24.3,26.6,28.7,30.2,31.2,
Denmark,DNK,"Mortality rate, infant (per 1,000 live births)",SP.DYN.IMRT.IN,21.3,20.8,20.2,19.5,18.7,17.8,17,16,15.2,14.6,13.9,13.3,12.5,11.6,10.9,10.3,9.7,9.2,8.8,8.5,8.3,8,8,7.9,7.9,7.9,8,8,7.9,7.8,7.4,6.9,6.5,6.1,5.7,5.4,5.1,5,4.8,4.6,4.6,4.5,4.4,4.3,4.1,4,3.8,3.7,3.6,3.5,3.4,3.4,3.4,3.4,3.5,3.6,3.7,
Dominican Republic,DOM,"Mortality rate, infant (per 1,000 live births)",SP.DYN.IMRT.IN,102,101.1,100,98.7,97.2,95.6,93.8,92,90.2,88.4,86.5,84.4,82.2,79.8,77.4,74.9,72.5,70.1,67.9,65.7,63.7,61.7,59.7,57.9,56.1,54.4,52.7,51.1,49.5,47.9,46.3,44.7,43.2,41.7,40.2,38.8,37.4,36.2,35,34,33.1,32.4,31.7,31.1,30.5,30.1,29.7,29.3,29,28.6,28.3,28,27.6,27.2,26.7,26.1,25.5,
Algeria,DZA,"Mortality rate, infant (per 1,000 live births)",SP.DYN.IMRT.IN,147.5,147.5,147.6,148,148.4,148.8,149,149,148.4,147.3,145.6,143.2,140.2,136.6,132.5,128.1,123.4,118.5,113.2,107.5,101.1,93.7,85.5,76.2,67,58.9,52.7,48,44.9,42.8,41.4,40.3,39.4,38.6,37.7,36.9,36.1,35.4,34.8,34.4,33.9,33.3,32.4,31.3,30.1,28.8,27.6,26.4,25.3,24.3,23.5,22.9,22.4,22.2,22,21.9,21.6,
East Asia & Pacific (excluding high income),EAP,"Mortality rate, infant (per 1,000 live births)",SP.DYN.IMRT.IN,,,,,,,,,,,,,,,,,,,,,,,,,,,,,,,45.6,44.8,43.9,42.9,41.8,40.5,39.3,38,36.7,35.2,33.6,32,30.3,28.6,27.1,25.3,23.9,22.6,21.5,20.2,19.1,18.2,17.3,16.4,15.6,14.9,14.3,
Early-demographic dividend,EAR,"Mortality rate, infant (per 1,000 live births)",SP.DYN.IMRT.IN,,,,,,,,,,,,,,,,,,,,,,,,,,,,,,,77.38354535,75.36090282,73.39929892,71.56157732,69.75686445,67.84484765,65.89338601,63.97307079,61.99997841,59.97458279,58.01045442,55.99865191,54.00647874,52.13655085,50.34479225,48.48629274,46.7300303,44.96843665,43.36195979,41.61843878,40.042149,38.4047242,36.95107164,35.54106896,34.19234899,32.95558339,31.79338769,
East Asia & Pacific,EAS,"Mortality rate, infant (per 1,000 live births)",SP.DYN.IMRT.IN,,,,,,,,,,,,,,,,,,,,,,,,,,,,,,,43.41419709,42.62257684,41.66336315,40.54338116,39.42811083,38.18644955,37.00191768,35.75323655,34.4685609,33.10483243,31.6348226,30.15159785,28.51389099,26.95011992,25.59791889,23.92632099,22.57387899,21.3386713,20.34786079,19.13410065,18.13643297,17.2250742,16.37422379,15.55848579,14.81841473,14.17499431,13.56160066,
Europe & Central Asia (excluding high income),ECA,"Mortality rate, infant (per 1,000 live births)",SP.DYN.IMRT.IN,,,,,,,,,,,,,,,,,,,,,,,,,,,,,,,37.6,37.4,37.4,37.4,37.2,36.6,35.7,34.5,33.2,31.7,30.1,28.5,26.9,25.4,23.9,22.5,21.3,20.1,19,18,17,16.1,15.3,14.6,13.8,13.1,12.5,
Europe & Central Asia,ECS,"Mortality rate, infant (per 1,000 live births)",SP.DYN.IMRT.IN,,,,,,,,,,,,,,,,,,,,,,,,,,,,,,,25.03393231,24.5664509,24.19563987,23.7771382,23.26386083,22.57873084,21.78080274,20.90211695,19.98077331,19.03911449,18.10762687,17.15727454,16.27076975,15.42004831,14.60745249,13.86188215,13.17385277,12.55721629,11.99803243,11.46316297,10.95942033,10.47080717,10.00838393,9.58948373,9.156622435,8.747398546,8.356875237,
Ecuador,ECU,"Mortality rate, infant (per 1,000 live births)",SP.DYN.IMRT.IN,120.8,117.7,114.8,112,109.4,106.9,104.5,102.2,100.1,97.9,95.7,93.3,90.8,88,85,82,78.9,76,73.1,70.4,67.6,64.8,62.1,59.4,56.8,54.3,52.1,49.9,47.9,46,44.1,42.2,40.4,38.6,36.9,35.2,33.6,32.1,30.7,29.5,28.4,27.4,26.5,25.7,25,24.4,23.7,23.1,22.5,21.9,21.2,20.6,20.1,19.5,18.9,18.3,17.8,
"Egypt, Arab Rep.",EGY,"Mortality rate, infant (per 1,000 live births)",SP.DYN.IMRT.IN,209.9,203.1,196.1,189.6,183.5,178.2,173.6,169.9,166.8,164.4,162.2,159.9,157,153.4,148.8,143.6,137.8,131.8,125.7,119.8,114.2,108.5,102.5,96.3,89.9,83.7,78.2,73.4,69.3,65.9,63,60.3,57.7,55.1,52.3,49.6,46.8,44.2,41.7,39.4,37.3,35.5,33.7,32.2,30.8,29.6,28.5,27.4,26.3,25.3,24.3,23.4,22.5,21.6,20.9,20.1,19.4,
Euro area,EMU,"Mortality rate, infant (per 1,000 live births)",SP.DYN.IMRT.IN,,,,,,,,,,,,,,,,,,,,,,,,,,,,,,,7.946969606,7.57720113,7.246646391,6.842012017,6.423231028,6.027015553,5.669938234,5.371892398,5.143354124,4.936161224,4.770475483,4.620486948,4.458545806,4.261114336,4.144279723,3.995322203,3.849882183,3.750906986,3.639620784,3.599548795,3.479135854,3.398671436,3.31352713,3.260499767,3.181195341,3.123884052,3.054869213,
Eritrea,ERI,"Mortality rate, infant (per 1,000 live births)",SP.DYN.IMRT.IN,,,,,,,,,,,,,,,125.9,123.6,121.3,119.1,117.2,115.5,113.9,112.4,110.8,109.2,107.5,105.6,103.6,101.3,98.8,95.9,92.7,89.3,85.6,81.7,77.9,74.1,70.5,67.1,63.9,60.9,58.2,55.7,53.4,51.1,49,47,45.2,43.5,41.9,40.4,39.1,37.9,36.8,35.7,34.7,33.8,32.9,
Spain,ESP,"Mortality rate, infant (per 1,000 live births)",SP.DYN.IMRT.IN,38.4,35.9,33.7,31.9,30.3,28.8,27.4,25.9,24.3,22.6,20.7,18.7,17,16.2,16.2,16.5,16.4,15.9,14.8,13.5,12.3,11.4,10.7,10.2,9.6,9.1,8.8,8.4,8.1,7.7,7.4,7.1,6.8,6.4,6,5.5,5.1,4.9,4.6,4.5,4.3,4.3,4.2,4,4,3.8,3.7,3.6,3.4,3.3,3.1,3,3,2.9,2.8,2.8,2.7,
Estonia,EST,"Mortality rate, infant (per 1,000 live births)",SP.DYN.IMRT.IN,,,,,,,,,,,,,,,,,,,,,17.7,17.1,16.5,15.9,15.4,15,14.7,14.5,14.3,14.1,14,14,13.8,13.5,13.1,12.5,11.8,11.1,10.3,9.6,8.8,8.1,7.4,6.8,6.2,5.7,5.2,4.7,4.3,4,3.6,3.4,3.1,2.9,2.6,2.5,2.3,
Ethiopia,ETH,"Mortality rate, infant (per 1,000 live births)",SP.DYN.IMRT.IN,,,,,,,144.3,144.2,144.2,143.9,143.7,143.6,143.4,143.3,143.3,143.3,143.4,143.3,143.1,142.7,141.8,140.4,138.6,136.3,134,131.5,129.3,127.2,125.2,123.1,120.8,118.3,115.5,112.3,108.8,105.2,101.7,98.4,95.1,92,88.8,85.4,81.7,78,74.1,70.2,66.4,62.9,59.5,56.5,53.7,51.1,48.6,46.4,44.4,42.6,41,
European Union,EUU,"Mortality rate, infant (per 1,000 live births)",SP.DYN.IMRT.IN,,,,,,,,,,,,,,,,,,,,,,,,,,,,,,,9.879561933,9.37864223,8.933966241,8.466701835,8.038034089,7.587033576,7.152662107,6.77212763,6.451511021,6.153198972,5.899994661,5.682523738,5.506361165,5.311826337,5.137527071,4.925316576,4.715192508,4.532350387,4.365411806,4.229139059,4.071447237,3.935483859,3.818233771,3.71508273,3.607905539,3.527709294,3.453775495,
Fragile and conflict affected situations,FCS,"Mortality rate, infant (per 1,000 live births)",SP.DYN.IMRT.IN,,,,,,,,,,,,,,,,,,,,,,,,,,,,,,,97.71302709,96.54202534,95.40232172,94.29025865,93.12564107,91.88627658,90.53759664,88.98992499,87.30229857,85.48999182,83.58962828,81.48390735,79.47400252,77.46848636,75.43114269,73.43654634,71.45159278,69.34914095,67.68780843,65.45344012,64.18045984,61.9261166,60.21407719,58.5984755,57.02596925,55.59652048,54.18850754,
Finland,FIN,"Mortality rate, infant (per 1,000 live births)",SP.DYN.IMRT.IN,21.9,20.6,19.5,18.4,17.4,16.6,15.8,15.1,14.4,13.8,13.2,12.6,12,11.3,10.8,10,9.4,8.7,8.1,7.6,7.2,6.8,6.5,6.3,6.1,6,6,5.9,5.8,5.7,5.5,5.3,5,4.8,4.5,4.3,4,3.9,3.8,3.6,3.5,3.5,3.4,3.3,3.2,3.1,3,2.9,2.7,2.6,2.5,2.4,2.3,2.1,2,2,1.9,
Fiji,FJI,"Mortality rate, infant (per 1,000 live births)",SP.DYN.IMRT.IN,57.7,55.5,53.6,51.9,50.3,48.9,47.8,46.7,45.9,45.2,44.7,44.3,43.9,43.5,42.9,42.2,41.1,39.9,38.4,36.9,35.3,33.7,32.2,30.8,29.6,28.5,27.5,26.5,25.6,24.7,23.8,23,22.2,21.6,21,20.5,20.1,19.8,19.5,19.3,19.1,18.9,18.9,19,19.3,19.6,19.9,20.2,20.4,20.5,20.4,20.3,20.1,19.8,19.5,19.1,18.7,
France,FRA,"Mortality rate, infant (per 1,000 live births)",SP.DYN.IMRT.IN,23.6,22.4,21.3,20.3,19.4,18.5,17.7,17,16.5,15.8,15,14.4,13.7,13.1,12.7,12.4,12,11.5,11,10.5,10.2,9.8,9.5,9.1,8.8,8.6,8.3,8.1,7.9,7.7,7.4,7.1,6.7,6.2,5.8,5.4,5,4.8,4.6,4.5,4.4,4.3,4.2,4,3.9,3.8,3.7,3.6,3.6,3.6,3.5,3.5,3.4,3.4,3.3,3.2,3.2,
Faroe Islands,FRO,"Mortality rate, infant (per 1,000 live births)",SP.DYN.IMRT.IN,,,,,,,,,,,,,,,,,,,,,,,,,,,,,,,,,,,,,,,,,,,,,,,,,,,,,,,,,,
"Micronesia, Fed. Sts.",FSM,"Mortality rate, infant (per 1,000 live births)",SP.DYN.IMRT.IN,,,,,,,,,,,,,,,,,,,,,,43.8,44.3,44.7,44.9,44.9,44.7,44.3,43.7,43.1,42.7,42.5,42.3,42.3,42.5,42.7,42.8,42.8,42.5,42,41.4,40.6,39.9,39,38,37.1,36.1,35.2,34.2,33.4,32.4,31.5,30.7,29.9,29.1,28.3,27.5,
Gabon,GAB,"Mortality rate, infant (per 1,000 live births)",SP.DYN.IMRT.IN,,,,,,,,,,,,,,,,,,,78.9,76.4,74.1,71.8,69.7,67.7,66,64.5,63.2,62.2,61.3,60.6,60,59.4,58.9,58.3,57.9,57.4,56.8,56.3,55.6,54.9,54,53,52,50.9,49.7,48.5,47.3,45.8,44.3,43,41.7,40.4,39,37.6,36.9,35.8,34.3,
United Kingdom,GBR,"Mortality rate, infant (per 1,000 live births)",SP.DYN.IMRT.IN,22.9,22.5,22,21.4,20.8,20.1,19.6,19.1,18.7,18.4,18,17.7,17.1,16.6,16,15.4,14.7,14,13.4,12.7,12,11.4,10.8,10.4,10,9.7,9.5,9.2,8.9,8.4,7.9,7.4,7,6.5,6.3,6.1,5.9,5.9,5.8,5.7,5.5,5.4,5.4,5.4,5.3,5.1,5,4.9,4.8,4.6,4.4,4.2,4.1,3.9,3.8,3.7,3.7,
Georgia,GEO,"Mortality rate, infant (per 1,000 live births)",SP.DYN.IMRT.IN,,,,,,,,,,,,,,,,55.6,54.1,52.6,51.1,49.7,48.3,47,45.8,44.6,43.7,42.8,42.1,41.6,41.1,40.8,40.4,40,39.7,39.2,38.5,37.7,36.8,35.6,34.3,32.7,31,29.2,27.3,25.5,23.6,21.8,20.2,18.6,17.2,15.9,14.7,13.7,12.7,11.8,11,10.2,9.5,
Ghana,GHA,"Mortality rate, infant (per 1,000 live births)",SP.DYN.IMRT.IN,124.2,122.8,121.7,121,120.5,120.2,120.2,120.4,120.5,120.4,120.1,119.4,118.2,116.4,114.1,111.4,108.6,105.9,103.6,101.9,100.7,99.9,99.1,98.2,96.6,94.5,91.9,88.8,85.6,82.4,79.6,77.2,75.3,73.8,72.6,71.6,70.6,69.4,67.9,66.3,64.5,62.8,61.1,59.6,58.3,57.1,55.9,54.7,53.4,51.9,50.2,48.5,46.8,45.2,43.8,42.4,41.2,
Gibraltar,GIB,"Mortality rate, infant (per 1,000 live births)",SP.DYN.IMRT.IN,,,,,,,,,,,,,,,,,,,,,,,,,,,,,,,,,,,,,,,,,,,,,,,,,,,,,,,,,,
Guinea,GIN,"Mortality rate, infant (per 1,000 live births)",SP.DYN.IMRT.IN,210.8,209,207.5,205.7,203.9,202.1,200.1,198.3,196.4,194.5,192.4,190.4,188.3,186.2,184.1,181.8,179.2,176.5,173.6,170.7,167.7,164.7,161.8,158.9,156.1,153.4,150.6,147.8,145,142,138.7,135.3,131.6,127.9,124.1,120.2,116.4,112.6,108.7,104.7,100.7,96.7,92.8,89.1,85.7,82.5,79.6,76.9,74.4,72,69.8,67.6,65.6,63.7,61.8,60,58.3,
"Gambia, The",GMB,"Mortality rate, infant (per 1,000 live births)",SP.DYN.IMRT.IN,151.9,149.6,147.4,145.3,143,140.8,138.6,136.4,134.2,132.1,129.9,127.5,125.2,122.9,120.5,118.1,115.8,113.4,111.1,108.9,106.6,104.3,101.8,99.3,96.7,94,91.4,88.9,86.4,84,81.7,79.6,77.5,75.5,73.5,71.7,69.9,68.1,66.4,64.7,63.1,61.5,59.9,58.3,56.7,55.2,53.7,52.3,51.1,49.8,48.6,47.4,46.3,45.2,44.2,43.2,42.2,
Guinea-Bissau,GNB,"Mortality rate, infant (per 1,000 live births)",SP.DYN.IMRT.IN,,,,,,,,,,,,,,,,,,,,,,,,,,141.1,138.5,136.2,134,131.7,129.7,127.5,125.2,122.9,120.6,118.3,115.7,113.1,110.5,107.9,105.2,102.4,99.5,96.3,93,89.5,86,82.5,79,75.7,72.4,69.3,66.5,63.9,61.6,59.6,57.8,
Equatorial Guinea,GNQ,"Mortality rate, infant (per 1,000 live births)",SP.DYN.IMRT.IN,,,,,,,,,,,,,,,,,,,,,,,,146.6,143.9,141.3,138.8,136.2,133.6,131.1,128.6,126.1,123.6,121.2,118.9,116.6,114.3,111.9,109.5,107,104.5,102,99.4,96.8,94.1,91.5,88.8,86.2,83.6,81.1,78.7,76.4,74.3,72.2,70.1,68.2,66.2,
Greece,GRC,"Mortality rate, infant (per 1,000 live births)",SP.DYN.IMRT.IN,38.9,38.2,37.4,36.3,35.4,34.4,33.6,32.4,30.9,29.3,27.7,26.2,25.1,24.4,23.9,23.2,22.2,21.2,19.9,18.7,17.4,16.3,15.3,14.4,13.7,12.9,12.1,11.3,10.5,9.8,9.3,8.7,8.4,8,7.7,7.4,7.1,6.7,6.3,5.9,5.5,5.1,4.8,4.4,4.2,3.9,3.6,3.5,3.3,3.3,3.2,3.2,3.2,3.2,3.2,3.1,3.1,
Grenada,GRD,"Mortality rate, infant (per 1,000 live births)",SP.DYN.IMRT.IN,,,,,,,,,,,,,,,,,,,,,,,,,20.4,20.1,19.8,19.5,19.1,18.6,18,17.4,16.7,16,15.4,14.9,14.4,14,13.7,13.6,13.4,13.3,13.2,13.2,13.1,13,12.9,12.9,12.8,12.9,12.9,13,13.3,13.6,13.9,14.2,14.4,
Greenland,GRL,"Mortality rate, infant (per 1,000 live births)",SP.DYN.IMRT.IN,,,,,,,,,,,,,,,,,,,,,,,,,,,,,,,,,,,,,,,,,,,,,,,,,,,,,,,,,,
Guatemala,GTM,"Mortality rate, infant (per 1,000 live births)",SP.DYN.IMRT.IN,146.8,143.9,141,138.2,135.5,132.8,129.8,127,124,121,118.1,115,112,108.9,105.8,102.8,99.7,96.7,93.6,90.7,87.7,84.8,81.9,79.1,76.3,73.5,70.7,68.1,65.5,62.9,60.4,58,55.6,53.4,51.3,49.3,47.4,45.6,43.9,42.3,40.8,39.4,38,36.8,35.5,34.4,33.2,32.1,31.1,30.1,29.1,28.1,27.2,26.3,25.4,24.6,23.9,
Guam,GUM,"Mortality rate, infant (per 1,000 live births)",SP.DYN.IMRT.IN,,,,,,,,,,,,,,,,,,,,,,,,,,,,,,,,,,,,,,,,,,,,,,,,,,,,,,,,,,
Guyana,GUY,"Mortality rate, infant (per 1,000 live births)",SP.DYN.IMRT.IN,67.1,64.6,62.5,60.7,59.2,58,57.1,56.3,55.8,55.5,55.2,55,54.9,54.7,54.6,54.5,54.2,54,53.7,53.3,52.9,52.5,52,51.6,51.1,50.5,49.9,49.2,48.4,47.4,46.4,45.3,44.3,43.2,42.2,41.2,40.3,39.5,38.6,37.8,37,36.2,35.5,34.8,34.1,33.5,32.9,32.3,31.8,31.2,30.7,30.2,29.6,29,28.3,27.6,26.9,
High income,HIC,"Mortality rate, infant (per 1,000 live births)",SP.DYN.IMRT.IN,,,,,,,,,,,,,,,,,,,,,,,,,,,,,,,10.3,9.8,9.4,8.9,8.4,8,7.6,7.3,7,6.7,6.5,6.3,6.2,6,5.9,5.8,5.7,5.5,5.4,5.3,5.1,5,4.9,4.8,4.7,4.6,4.5,
"Hong Kong SAR, China",HKG,"Mortality rate, infant (per 1,000 live births)",SP.DYN.IMRT.IN,,,,,,,,,,,,,,,,,,,,,,,,,,,,,,,,,,,,,,,,,,,,,,,,,,,,,,,,,,
Honduras,HND,"Mortality rate, infant (per 1,000 live births)",SP.DYN.IMRT.IN,141.2,136.8,132.6,128.4,124.3,120.3,116.5,112.8,109.2,105.5,101.9,98.3,94.7,91.3,87.8,84.5,81.2,78,74.9,71.8,68.8,66,63.2,60.5,58,55.6,53.3,51.1,49,47,45.1,43.2,41.6,40,38.4,37,35.6,34.3,36.8,31.7,30.5,29.2,28,26.8,25.7,24.6,23.5,22.5,21.6,20.7,19.9,19.1,18.4,17.8,17.1,16.6,16,
Heavily indebted poor countries (HIPC),HPC,"Mortality rate, infant (per 1,000 live births)",SP.DYN.IMRT.IN,,,,,,,,,,,,,,,,,,,,,,,,,,,,,,,109.5625617,108.0970294,106.6465317,105.21814,103.9566004,102.2536132,100.485183,98.73698938,96.74240782,94.27438908,91.58971857,88.46908496,85.22826322,81.94895481,78.66220018,75.51692969,72.5831982,69.7511078,67.12079157,64.71776184,62.71519976,60.17095398,58.02778045,56.0774925,54.20870372,52.50211885,50.95169253,
Croatia,HRV,"Mortality rate, infant (per 1,000 live births)",SP.DYN.IMRT.IN,,,,,,,,,,,,,,,,,,,,,,20.2,19.1,18,16.9,15.9,14.8,13.8,12.8,11.9,11.1,10.5,9.9,9.5,9,8.7,8.3,8.1,7.7,7.4,7.2,6.9,6.6,6.4,6,5.8,5.5,5.3,5.1,4.9,4.7,4.5,4.4,4.3,4.2,4.1,4,
Haiti,HTI,"Mortality rate, infant (per 1,000 live births)",SP.DYN.IMRT.IN,191,187.9,185,182.1,179.1,176.1,173,170,166.9,163.7,160.6,157.4,154,150.6,147.2,143.9,140.7,137.4,134.2,131.1,128,125,121.9,118.9,116.2,113.4,110.7,108,105.4,102.9,100.4,97.8,95.2,92.6,90,87.4,84.7,82.2,79.6,77.2,74.8,72.6,70.6,68.7,67,65.5,64,62.6,61.3,60,85.2,57.5,56.2,54.8,53.5,52.2,50.9,
Hungary,HUN,"Mortality rate, infant (per 1,000 live births)",SP.DYN.IMRT.IN,47.6,45.4,44,42.8,41.3,39.8,38.7,37.8,36.9,35.9,35.1,34.8,34.8,34.7,33.9,32.3,29.7,26.7,24.2,22.6,21.5,20.6,19.8,19.5,19.7,19.5,18.7,17.4,16.3,15.8,15.3,14.6,13.7,12.7,11.7,10.8,10.3,9.9,9.5,9.2,8.6,8.2,7.6,7.2,6.7,6.5,6.1,5.8,5.5,5.3,5.1,4.9,4.9,4.8,4.7,4.6,4.4,
IBRD only,IBD,"Mortality rate, infant (per 1,000 live births)",SP.DYN.IMRT.IN,,,,,,,,,,,,,,,,,,,,,,,,,,,,,,,57.44736578,56.37497413,55.26641312,54.15254435,52.95815565,51.66999697,50.29833999,48.85995076,47.32598606,45.74773435,44.12836855,42.45959157,40.71561409,39.05508962,37.43256146,35.70986696,34.09651307,32.48452804,30.98201535,29.4753083,28.00351808,26.68234687,25.47209902,24.30417262,23.24999679,22.30580101,21.42059531,
IDA & IBRD total,IBT,"Mortality rate, infant (per 1,000 live births)",SP.DYN.IMRT.IN,,,,,,,,,,,,,,,,,,,,,,,,,,,,,,,70.46094541,69.60947069,68.76215898,67.92738188,67.03925589,65.97757002,64.79480048,63.49986557,62.04363262,60.43225262,58.70907798,56.82969784,54.86877892,52.94315863,51.04755053,49.10069419,47.26717807,45.46127534,43.79899718,42.11483699,40.58030119,39.03996241,37.66181523,36.36155857,35.13857256,34.0467414,33.03748245,
IDA total,IDA,"Mortality rate, infant (per 1,000 live births)",SP.DYN.IMRT.IN,,,,,,,,,,,,,,,,,,,,,,,,,,,,,,,103.8171981,102.3992156,101.0011104,99.6420672,98.32049402,96.72580516,95.04322076,93.26314546,91.2894433,89.04399208,86.64522562,83.96575053,81.24765914,78.50778476,75.80401312,73.15134639,70.63158801,68.20276236,65.99426574,63.74535256,61.84751398,59.6808746,57.76302616,55.97908613,54.20944823,52.60097918,51.10779751,
IDA blend,IDB,"Mortality rate, infant (per 1,000 live births)",SP.DYN.IMRT.IN,,,,,,,,,,,,,,,,,,,,,,,,,,,,,,,102.6099974,102.1753598,101.7305458,101.3423307,100.8302676,100.1138125,99.17691989,97.90225314,96.3353978,94.6048596,92.62700338,90.43654889,88.2227439,85.90158108,83.6545494,81.299836,78.95606985,76.71313315,74.47345029,72.31431771,70.21712959,68.14863709,66.13249725,64.19263097,62.21639007,60.42967912,58.75549822,
Indonesia,IDN,"Mortality rate, infant (per 1,000 live births)",SP.DYN.IMRT.IN,148.1,144.5,140.9,137.5,133.9,130.4,126.8,123.1,119.5,116.1,112.7,109.4,106.2,103.2,100.2,97.4,94.7,92.1,89.7,87.3,85,82.7,80.4,78.2,75.9,73.6,71.4,69.1,66.8,64.4,62,59.6,57.2,54.9,52.8,50.6,48.6,46.6,44.7,42.8,41.1,39.4,37.8,36.3,36.1,33.5,32.2,31,29.8,28.6,27.5,26.5,25.5,24.6,23.7,22.9,22.2,
IDA only,IDX,"Mortality rate, infant (per 1,000 live births)",SP.DYN.IMRT.IN,,,,,,,,,,,,,,,,,,,,,,,,,,,,,,,104.4181671,102.510285,100.6407455,98.80604656,97.09239354,95.07604341,93.04047576,91.02716301,88.86974187,86.38956081,83.79940309,80.89144787,77.93053643,74.97970152,72.03711866,69.21232956,66.57189076,64.01347202,61.78237445,59.45383438,57.62728539,55.38973853,53.50793083,51.79673565,50.13264048,48.62135064,47.23150251,
Isle of Man,IMN,"Mortality rate, infant (per 1,000 live births)",SP.DYN.IMRT.IN,,,,,,,,,,,,,,,,,,,,,,,,,,,,,,,,,,,,,,,,,,,,,,,,,,,,,,,,,,
India,IND,"Mortality rate, infant (per 1,000 live births)",SP.DYN.IMRT.IN,163.8,161.3,158.9,156.6,154.4,152.3,150.3,148.4,146.5,144.6,142.6,140.5,138.2,135.8,133.2,130.4,127.4,124.1,120.7,117.5,114.3,111.2,108.3,105.6,103.1,100.5,98.1,95.6,93.1,90.7,88.4,86.2,84,82,79.9,77.8,75.6,73.4,71.1,68.8,66.6,64.3,62,59.9,57.7,55.7,53.7,51.6,49.6,47.6,45.5,43.5,41.6,39.7,37.9,36.2,34.6,
Not classified,INX,"Mortality rate, infant (per 1,000 live births)",SP.DYN.IMRT.IN,,,,,,,,,,,,,,,,,,,,,,,,,,,,,,,,,,,,,,,,,,,,,,,,,,,,,,,,,,
Ireland,IRL,"Mortality rate, infant (per 1,000 live births)",SP.DYN.IMRT.IN,30.3,29.1,28,27,26,24.7,23.3,21.9,20.6,19.7,19,18.6,18.2,17.9,17.5,16.9,16.1,15.3,14.2,13,12,11,10.4,9.8,9.3,8.9,8.7,8.5,8.2,8,7.7,7.2,6.7,6.4,6.2,6.1,6.1,6.1,6.1,6.1,6,5.8,5.4,5,4.7,4.4,4.1,3.9,3.7,3.6,3.5,3.4,3.4,3.3,3.2,3.1,3,
"Iran, Islamic Rep.",IRN,"Mortality rate, infant (per 1,000 live births)",SP.DYN.IMRT.IN,,,,,,,,,,,,124.6,119.4,114.5,109.6,104.6,99.4,93.8,88.2,82.7,77.3,72.2,67.7,63.6,60.1,56.9,54,51.3,48.7,46.3,44.1,42.1,40.3,38.7,37.2,35.7,34.2,32.7,31.2,29.7,28.2,26.8,25.4,24,22.8,21.6,20.4,19.3,18.3,17.3,16.5,15.8,15.1,14.6,14,13.5,13,
Iraq,IRQ,"Mortality rate, infant (per 1,000 live births)",SP.DYN.IMRT.IN,130.9,123.8,117.5,111.6,106.3,101.4,96.7,92.4,88.4,84.5,80.9,77.5,74.3,71.3,68.4,65.7,63.1,60.7,58.6,56.6,54.7,53,51.5,50,48.6,47.4,46.1,45.1,44.1,43.2,42.4,41.7,41,40.4,39.7,39.1,38.5,37.9,37.3,36.6,36,35.4,34.8,34.3,33.7,33.2,32.6,32,31.4,30.8,30.2,29.5,28.9,28.2,27.4,26.7,25.9,
Iceland,ISL,"Mortality rate, infant (per 1,000 live births)",SP.DYN.IMRT.IN,17.5,17.2,16.9,16.4,16,15.5,15,14.4,13.8,13.3,12.8,12.3,11.8,11.3,10.9,10.3,9.9,9.3,8.8,8.2,7.7,7.3,6.9,6.6,6.3,6,5.8,5.5,5.4,5.2,5,4.9,4.7,4.5,4.4,4.1,4,3.7,3.6,3.3,3.2,2.9,2.8,2.6,2.5,2.4,2.3,2.2,2.1,2.1,2,1.9,1.8,1.7,1.7,1.7,1.6,
Israel,ISR,"Mortality rate, infant (per 1,000 live births)",SP.DYN.IMRT.IN,,,,,,,,,,,,,,,24.7,22.4,20.3,18.6,17.2,16.1,15.3,14.6,14,13.4,12.8,12.1,11.5,11,10.4,10.1,9.7,9.2,8.7,8.2,7.6,7.2,6.7,6.4,6.1,5.9,5.6,5.4,5.2,4.9,4.7,4.5,4.3,4.1,3.9,3.8,3.7,3.5,3.3,3.3,3.1,3,2.9,
Italy,ITA,"Mortality rate, infant (per 1,000 live births)",SP.DYN.IMRT.IN,44.1,42.6,40.9,39.2,37.4,35.8,34.3,33.1,32,30.9,29.7,28.2,26.4,24.5,22.5,20.5,18.7,17.3,16.1,15.1,14.3,13.4,12.6,11.9,11.2,10.5,9.9,9.4,9.1,8.7,8.4,8,7.7,7.3,6.9,6.4,6,5.6,5.3,5,4.8,4.5,4.3,4.1,3.9,3.8,3.6,3.6,3.5,3.5,3.4,3.3,3.2,3.1,3,2.9,2.8,
Jamaica,JAM,"Mortality rate, infant (per 1,000 live births)",SP.DYN.IMRT.IN,61.8,59.5,57.5,55.6,53.8,52.1,50.6,49.1,47.6,46,44.6,43,41.5,40.1,38.8,37.5,36.4,35.4,34.4,33.5,32.6,31.8,31,30.2,29.4,28.7,28,27.3,26.6,25.9,25.2,24.5,23.8,23.1,22.5,21.8,21.2,20.5,19.9,19.3,18.8,18.3,17.9,17.5,17.2,17,16.8,16.5,16.2,15.9,15.6,15.2,14.8,14.4,14,13.6,13.2,
Jordan,JOR,"Mortality rate, infant (per 1,000 live births)",SP.DYN.IMRT.IN,107.7,102,96.6,91.6,87,82.7,78.7,75,71.6,68.4,65.5,62.7,60,57.6,55.2,53,50.9,48.9,46.9,45.1,43.3,41.6,40,38.4,36.9,35.5,34.2,33,31.8,30.8,29.9,29.1,28.3,27.6,26.9,26.2,25.6,25,24.5,23.9,23.4,22.8,22.3,21.7,21.1,20.6,20.1,19.5,19,18.5,18,17.5,17,16.5,16,15.5,15.1,
Japan,JPN,"Mortality rate, infant (per 1,000 live births)",SP.DYN.IMRT.IN,30.4,27.9,25.5,23.2,21,19.1,17.5,16.2,15.1,14.2,13.4,12.6,11.9,11.3,10.6,10,9.4,8.8,8.3,7.9,7.4,6.9,6.5,6.2,5.8,5.5,5.2,5,4.8,4.7,4.6,4.5,4.4,4.3,4.3,4.1,4,3.8,3.6,3.4,3.3,3.1,3,2.9,2.9,2.7,2.7,2.6,2.5,2.4,2.4,2.4,2.2,2.1,2,2,2,
Kazakhstan,KAZ,"Mortality rate, infant (per 1,000 live births)",SP.DYN.IMRT.IN,,,,,,,,,,,,67.9,66.6,65.3,64.1,63,61.9,60.9,59.8,58.7,57.4,55.8,54.2,52.6,51,49.4,48,46.7,45.6,44.8,44.4,44.2,44.4,44.6,44.7,44.4,43.6,42.3,40.7,38.9,37.1,35.2,33.4,31.6,29.9,28.2,26.5,24.8,22.9,21,19.1,17.3,15.5,13.9,12.5,11.2,10.1,
Kenya,KEN,"Mortality rate, infant (per 1,000 live births)",SP.DYN.IMRT.IN,118.2,113.8,109.8,106.4,103.6,101.2,99.2,97.3,95.4,93.6,91.7,89.7,87.7,85.6,83.3,80.9,78.5,76,73.6,71.3,69.1,67.2,65.4,63.9,62.7,61.9,61.4,61.4,61.8,62.4,63.4,64.4,65.4,66.2,66.9,67.1,67,66.5,65.5,64.3,62.8,61,59,56.8,54.4,51.8,49.5,47.5,44.9,43.6,42.5,41.3,40.6,39.6,38.2,36.5,35.6,
Kyrgyz Republic,KGZ,"Mortality rate, infant (per 1,000 live births)",SP.DYN.IMRT.IN,,,,,,,,,,,,,,,,87.4,85.4,83.4,81.4,79.2,76.7,74.3,71.7,69.1,66.3,63.6,61,58.6,56.7,55.2,54.3,53.8,53.5,52.9,51.9,50.6,49.1,47.4,45.6,43.9,42.1,40.4,38.8,37.2,35.7,34.2,32.8,31.3,29.6,27.8,26.1,24.6,23.2,22,20.9,19.9,18.8,
Cambodia,KHM,"Mortality rate, infant (per 1,000 live births)",SP.DYN.IMRT.IN,,,,,,,,,,,,,,,,177.4,165.4,153.9,141.4,128.5,116.2,105.4,97.1,91.6,88.5,86.6,85.6,85,84.8,84.8,84.8,84.7,84.8,85.3,86.1,86.7,87.1,86.9,85.9,83.6,79.6,74,67.9,62.4,57.5,53.4,49.9,46.7,43.6,40.6,37.8,35.1,32.7,30.6,28.9,27.5,26.3,
Kiribati,KIR,"Mortality rate, infant (per 1,000 live births)",SP.DYN.IMRT.IN,,,,122.1,117.8,113.7,109.8,106.2,102.9,99.8,97,94.4,92.2,90.6,89.2,88.3,87.6,87.1,86.7,86.4,86,85.5,84.9,84,82.8,81.2,79.2,77,74.5,71.9,69.3,67,65,63.3,61.7,60.3,58.9,57.6,56.2,54.7,53.3,52,50.9,50.1,49.6,49.4,49.4,49.3,49.2,48.8,48.2,47.3,46.5,45.6,44.6,43.6,42.4,
St. Kitts and Nevis,KNA,"Mortality rate, infant (per 1,000 live births)",SP.DYN.IMRT.IN,,,,,,,,,,,57.1,55.4,53.8,52.2,50.8,49.4,48.1,46.7,45.3,43.7,41.8,39.8,37.7,35.5,33.6,31.7,30.1,28.8,27.7,26.8,26,25.3,24.8,24.3,23.8,23.3,22.5,21.6,20.6,19.4,18.2,17,16,15,14,13.2,12.4,11.6,11,10.4,9.8,9.4,8.9,8.6,8.2,8,7.6,
"Korea, Rep.",KOR,"Mortality rate, infant (per 1,000 live births)",SP.DYN.IMRT.IN,81.4,77.7,74.5,71.4,68.2,64.9,61.4,57.9,54.4,51.1,48,45.1,42.6,40.5,38.7,37.1,35.7,34.3,32.8,31.3,29.7,27.9,26.1,24.3,22.5,20.7,19,17.4,15.9,14.6,13.5,12.4,11.5,10.6,9.8,9.1,8.4,7.8,7.3,6.8,6.4,6.1,5.7,5.4,5.1,4.7,4.4,4.1,3.9,3.7,3.5,3.4,3.3,3.2,3.1,3,2.9,
Kuwait,KWT,"Mortality rate, infant (per 1,000 live births)",SP.DYN.IMRT.IN,101.4,94.9,88.8,83.1,77.7,72.6,67.9,63.7,59.9,56.5,53.5,50.6,47.9,45.3,42.8,40.5,38.2,36,33.9,31.8,29.7,27.4,25.1,23,21.2,19.7,18.5,17.6,16.7,15.9,15.1,15,13.7,13.2,12.9,12.5,12.2,11.8,11.5,11.2,11,10.8,10.6,10.5,10.3,10.1,10,9.9,9.7,9.5,9.2,8.9,8.5,8.2,7.8,7.5,7.2,
Latin America & Caribbean (excluding high income),LAC,"Mortality rate, infant (per 1,000 live births)",SP.DYN.IMRT.IN,,,,,,,,,,,,,,,,,,,,,,,,,,,,,,,44.7,43,41.3,39.6,37.8,36.1,34.4,32.8,31.2,29.7,28.2,26.9,25.6,24.5,23.4,22.4,21.4,20.6,19.8,19.1,19.1,17.8,17.2,16.6,16.1,15.6,15.1,
Lao PDR,LAO,"Mortality rate, infant (per 1,000 live births)",SP.DYN.IMRT.IN,,,,,,,,,,,,,,,,,,,141,138.2,135.5,133,130.5,128,125.5,123,120.5,118.1,115.7,113.2,110.7,108,105.2,102.4,99.6,96.6,93.7,90.8,88,85.2,82.5,79.8,77.2,74.6,72,69.6,67.2,65,62.7,60.6,58.5,56.7,55,53.5,51.9,50.4,48.9,
Lebanon,LBN,"Mortality rate, infant (per 1,000 live births)",SP.DYN.IMRT.IN,57.5,56,54.7,53.5,52.4,51.4,50.5,49.7,49,48.4,47.8,47.3,46.8,46.2,45.6,44.9,44.1,43.2,42.3,41.2,40.1,38.8,37.6,36.3,34.9,33.6,32.3,30.9,29.6,28.4,27.1,26,24.9,23.8,22.8,21.8,20.9,19.9,19,18.1,17.1,16.1,15.1,14.1,13.1,12.2,11.3,10.5,9.8,9.3,8.8,8.4,8,7.7,7.4,7.2,6.9,
Liberia,LBR,"Mortality rate, infant (per 1,000 live births)",SP.DYN.IMRT.IN,211.5,211.4,210.8,209.9,208.3,206.5,204.2,201.4,198.1,194.5,190.9,187.5,184.2,181,177.6,174.5,171.4,168.6,166,163.5,161.3,159.4,157.8,156.8,156.6,157.5,159.6,162.5,165.9,169.3,172,173.1,172.4,169.8,165.7,160.1,153.7,146.8,139.7,132.2,124.3,116.6,109.1,101.6,94.5,87.9,82,76.9,72.4,68.5,65.2,62.2,59.4,57,54.8,52.9,51.2,
Libya,LBY,"Mortality rate, infant (per 1,000 live births)",SP.DYN.IMRT.IN,163,154.8,147.1,139.5,132.3,125.5,118.8,112.4,106.5,100.8,95.5,90.4,85.6,81,76.5,72.5,68.8,65.5,62.4,59.6,57.1,54.7,52.4,50.1,47.9,45.8,43.7,41.6,39.6,37.6,35.8,34.1,32.5,31.1,29.8,28.6,27.6,26.7,25.8,25,24.2,23.5,22.7,21.9,20.9,19.8,18.6,17.3,16.1,15.1,14.2,13.9,12.9,12.4,11.9,11.5,11,
St. Lucia,LCA,"Mortality rate, infant (per 1,000 live births)",SP.DYN.IMRT.IN,,,,,,,,,,,58.1,53,48.2,43.6,39.5,35.8,32.6,29.9,27.7,25.9,24.4,23.2,22.1,21.3,20.5,19.7,19.1,18.6,18.2,17.8,17.6,17.5,17.4,17.2,17,16.7,16.4,16,15.7,15.4,15.2,15,14.9,14.9,14.7,14.6,14.5,14.3,14.1,13.8,13.5,13.2,12.9,12.7,12.4,12.1,11.8,
Latin America & Caribbean,LCN,"Mortality rate, infant (per 1,000 live births)",SP.DYN.IMRT.IN,,,,,,,,,,,,,,,,,,,,,,,,,,,,,,,43.83462055,42.15499443,40.48139663,38.82538171,37.08873159,35.42957089,33.74948827,32.1742951,30.65979234,29.16017637,27.72363452,26.39838082,25.17018313,24.03558491,22.9780534,21.97452456,21.06400456,20.24261306,19.5204658,18.81551901,18.79029479,17.5389986,16.94524302,16.36248826,15.86261133,15.33045376,14.87732237,
Least developed countries: UN classification,LDC,"Mortality rate, infant (per 1,000 live births)",SP.DYN.IMRT.IN,,,,,,,,,,,,,,,,,,,,,,,,,,,,,,,108.936193,106.9502989,104.984744,103.0534217,101.2686928,99.16416717,97.03912057,94.94270963,92.65608243,90.09919019,87.38205905,84.38194633,81.26281076,78.13111725,75.00397456,71.97764621,69.14197353,66.39806541,63.97222664,61.43030326,59.40146324,56.95264493,54.88825373,53.02772942,51.23211029,49.61878282,48.14083303,
Low income,LIC,"Mortality rate, infant (per 1,000 live births)",SP.DYN.IMRT.IN,,,,,,,,,,,,,,,,,,,,,,,,,,,,,,,112.3,110.6,109,107.4,106,104.2,102.2,100.2,98,95.3,92.5,89.3,85.9,82.6,79.3,76.1,73.1,70.3,67.6,65.1,63.1,60.4,58.1,56.1,54.2,52.4,50.8,
Liechtenstein,LIE,"Mortality rate, infant (per 1,000 live births)",SP.DYN.IMRT.IN,,,,,,,,,,,,,,,,,,,,,,,,,,,,,,,,,,,,,,,,,,,,,,,,,,,,,,,,,,
Sri Lanka,LKA,"Mortality rate, infant (per 1,000 live births)",SP.DYN.IMRT.IN,71.6,69,66.6,64.3,62.3,60.5,58.9,57.4,56.3,55.3,54.4,53.6,52.8,51.9,50.9,49.6,48.1,46.3,44.3,42.1,39.7,37.1,34.3,31.3,28.2,25.2,22.6,20.5,19.1,18.2,17.9,18,18,18,17.8,17.3,16.8,16.1,15.4,14.7,14.1,13.7,13.4,13.1,15.6,12.3,11.7,11.1,10.5,10.1,9.7,9.3,9.1,8.8,8.5,8.3,8,
Lower middle income,LMC,"Mortality rate, infant (per 1,000 live births)",SP.DYN.IMRT.IN,,,,,,,,,,,,,,,,,,,,,,,,,,,,,,,83.5,81.8,80.1,78.6,77.1,75.5,73.8,72,70.2,68.2,66.2,64.1,62,60.1,58.2,56.2,54.3,52.4,50.7,48.9,47.1,45.5,43.9,42.4,41,39.6,38.3,
Low & middle income,LMY,"Mortality rate, infant (per 1,000 live births)",SP.DYN.IMRT.IN,,,,,,,,,,,,,,,,,,,,,,,,,,,,,,,70.6,69.8,68.9,68.1,67.2,66.2,65,63.7,62.2,60.6,58.9,57,55,53,51.1,49.2,47.4,45.6,43.9,42.2,40.7,39.1,37.7,36.4,35.2,34.1,33.1,
Lesotho,LSO,"Mortality rate, infant (per 1,000 live births)",SP.DYN.IMRT.IN,143.2,142.4,142,141.9,141.9,141.7,141,139.9,138.2,135.9,133.3,130.5,127.6,124.5,121,117.1,113.2,109,104.7,100.5,96.4,92.5,88.9,85.7,82.9,80.5,78.3,76.5,75,73.9,73.1,72.6,72.6,73.1,74,75.2,76.4,77.6,78.6,79.5,80.2,80.9,81.7,82.4,82.3,82.5,81.8,79.5,80.5,77.1,75.3,73.2,75,75.2,74.5,74.5,72.4,
Late-demographic dividend,LTE,"Mortality rate, infant (per 1,000 live births)",SP.DYN.IMRT.IN,,,,,,,,,,,,,,,,,,,,,,,,,,,,,,,39.96220068,39.31621038,38.47879166,37.44946699,36.32411164,35.04653127,33.74124267,32.35963243,30.90452075,29.39752693,27.79555789,26.18957464,24.46040579,22.83083793,21.26647318,19.72358103,18.3759921,17.17028878,16.11936726,15.1332355,14.22587092,13.39491011,12.633323,11.89184797,11.2354987,10.63840631,10.06920351,
Lithuania,LTU,"Mortality rate, infant (per 1,000 live births)",SP.DYN.IMRT.IN,,,,,,,,21.8,20.8,19.4,18.1,17,16.5,16.7,17.4,17.8,17.9,17.6,17.1,16.6,16,15.6,15.2,14.8,14.3,13.7,12.8,12,11.4,11.2,11.8,13,14.3,14.3,13.3,11.9,10.7,9.8,9.2,8.8,8.5,8.2,7.9,7.7,7.4,7.2,6.9,6.4,5.9,5.4,4.9,4.4,4.1,3.9,3.9,4.1,4.3,
Luxembourg,LUX,"Mortality rate, infant (per 1,000 live births)",SP.DYN.IMRT.IN,30.5,28.9,27.6,26.2,25,23.9,22.8,21.8,20.8,19.7,18.8,17.7,16.7,15.7,14.9,14,13.3,12.7,12.2,11.7,11.3,10.9,10.5,10.2,9.8,9.4,9,8.6,8.2,7.8,7.3,6.9,6.5,6.1,5.6,5.2,4.9,4.6,4.3,4.1,3.8,3.6,3.4,3.2,3,2.9,2.7,2.6,2.5,2.4,2.3,2.3,2.2,2.1,2.1,2.1,2,
Latvia,LVA,"Mortality rate, infant (per 1,000 live births)",SP.DYN.IMRT.IN,,,,,,,,,,,,,,,,,,,,15.2,15.2,15.3,15.1,14.7,14,13.2,12.4,11.9,11.8,12.2,13.1,14.3,15.2,15.8,15.9,15.7,15.3,14.5,13.5,12.4,11.5,10.9,10.3,9.7,9.2,8.7,8.2,7.7,7.4,7,6.6,6.2,5.7,5.2,4.7,4.3,3.9,
"Macao SAR, China",MAC,"Mortality rate, infant (per 1,000 live births)",SP.DYN.IMRT.IN,,,,,,,,,,,,,,,,,,,,,,,,,,,,,,,,,,,,,,,,,,,,,,,,,,,,,,,,,,
St. Martin (French part),MAF,"Mortality rate, infant (per 1,000 live births)",SP.DYN.IMRT.IN,,,,,,,,,,,,,,,,,,,,,,,,,,,,,,,,,,,,,,,,,,,,,,,,,,,,,,,,,,
Morocco,MAR,"Mortality rate, infant (per 1,000 live births)",SP.DYN.IMRT.IN,143.9,141.6,139.4,137,134.5,132,129.4,126.9,124.5,122.2,120,118,116,114,111.7,109.2,106.4,103.3,100,96.7,93.4,90,86.7,83.3,79.9,76.7,73.6,70.6,67.8,65.2,62.8,60.4,58.1,55.9,53.7,51.6,49.5,47.5,45.6,43.8,42,40.4,38.8,37.3,35.9,34.6,33.3,32.1,30.9,29.8,28.8,27.8,26.8,25.8,25,24.1,23.3,
Monaco,MCO,"Mortality rate, infant (per 1,000 live births)",SP.DYN.IMRT.IN,,,,,,,,,,,,,,,,,,,,,,,,,,7.9,7.6,7.3,7,6.6,6.3,6,5.8,5.6,5.3,5.1,4.9,4.7,4.5,4.3,4.2,4.1,3.9,3.8,3.7,3.7,3.6,3.5,3.4,3.3,3.2,3.2,3.1,3,2.9,2.8,2.8,
Moldova,MDA,"Mortality rate, infant (per 1,000 live births)",SP.DYN.IMRT.IN,,,,,,,,,,,,49.2,48,46.9,45.7,44.6,43.4,42.3,41.3,40.3,39.4,38.4,37.2,35.8,34.2,32.6,31.1,29.7,28.5,27.6,27.3,27.5,28.3,29.3,30.3,31.1,31.3,30.9,29.8,28,25.9,23.6,21.3,19.4,17.9,16.7,16,15.5,15.1,14.9,14.7,14.6,14.4,14.3,14.1,13.9,13.7,
Madagascar,MDG,"Mortality rate, infant (per 1,000 live births)",SP.DYN.IMRT.IN,,,,,,,,,90.2,91.1,92.1,93.1,94.3,95.6,97.1,98.6,100,101.2,102.3,103.4,104.8,106.3,107.6,108.6,109,108.6,107.4,105.6,103.1,100.3,97.4,94.8,92.3,90,87.7,85.1,82.3,79.1,75.7,72.2,68.8,65.5,62.4,59.5,56.9,54.3,51.9,49.6,47.4,45.2,43.1,41.2,39.3,37.8,36.4,35.2,34,
Maldives,MDV,"Mortality rate, infant (per 1,000 live births)",SP.DYN.IMRT.IN,,,,,210.7,204.7,198.6,192.8,186.6,180.2,174,167.3,160.2,152.6,145.1,137.7,130.8,124.3,118.1,112.5,107.2,102.3,97.7,93.3,89.1,85.1,81.3,77.7,74.3,71.1,68.1,65.1,62.2,59.2,56.1,52.9,49.6,46,42.4,38.7,35,31.3,27.8,24.6,22.3,19.2,17.1,15.3,13.8,12.5,11.3,10.3,9.5,8.7,8.2,7.7,7.3,
Middle East & North Africa,MEA,"Mortality rate, infant (per 1,000 live births)",SP.DYN.IMRT.IN,,,,,,,,,,,,,,,,,,,,,,,,,,,,,,,50.17233422,48.27674502,46.51647664,44.8664202,43.20626249,41.62912371,40.04994444,38.51727342,37.03031319,35.59514069,34.19346009,32.87975111,31.54180732,30.29458428,29.09831623,27.98564123,26.90341368,25.85554076,24.86094135,23.9571895,23.18175926,22.55761224,21.99723631,21.49031355,21.02053967,20.55436366,20.11173553,
Mexico,MEX,"Mortality rate, infant (per 1,000 live births)",SP.DYN.IMRT.IN,104,100.1,96.6,93.5,90.9,88.5,86.3,84.1,81.9,79.6,77.1,74.7,72.3,70,67.9,65.9,63.9,61.9,59.8,57.6,55.2,52.8,50.4,48.3,46.2,44.4,42.8,41.2,39.6,38,36.5,34.9,33.4,32,30.5,29.2,27.8,26.5,25.1,23.8,22.5,21.4,20.3,19.3,18.4,17.6,16.9,16.3,15.8,15.3,14.8,14.4,14,13.6,13.3,12.9,12.6,
Marshall Islands,MHL,"Mortality rate, infant (per 1,000 live births)",SP.DYN.IMRT.IN,89.7,86.4,83.3,80.3,77.4,74.8,72.2,69.7,67.4,65.3,63.3,61.6,60.1,58.8,57.8,57,56.2,55.5,54.7,53.8,53,51.9,50.7,49.5,48.2,46.9,45.6,44.2,42.8,41.4,39.9,38.5,37.1,35.8,34.8,34,33.5,33.2,33.1,33,32.9,32.9,32.7,32.6,32.5,32.3,32.2,32,32,31.9,31.8,31.7,31.4,31,30.4,29.8,29.1,
Middle income,MIC,"Mortality rate, infant (per 1,000 live births)",SP.DYN.IMRT.IN,,,,,,,,,,,,,,,,,,,,,,,,,,,,,,,65.2,64.2,63.3,62.4,61.3,60.2,59,57.6,56.1,54.5,52.8,51.1,49.2,47.5,45.8,44,42.3,40.7,39.1,37.5,36,34.7,33.4,32.2,31.1,30,29.1,
"Macedonia, FYR",MKD,"Mortality rate, infant (per 1,000 live births)",SP.DYN.IMRT.IN,,,,,,,,,,,,,,,,,,,,,,52.1,50.3,47.9,46.1,45.2,44.5,42.6,39.3,35.9,33.5,31.6,29.9,27.7,25.1,22.1,19.4,17.4,16.2,15.2,14.2,13.4,12.9,12.6,12.5,12.1,11.5,10.9,10.2,9.6,9.2,9,9.1,9.5,10.1,10.5,10.7,
Mali,MLI,"Mortality rate, infant (per 1,000 live births)",SP.DYN.IMRT.IN,,,,213.4,209.9,206.4,203.1,200.4,198,195.8,193.9,191.9,189.6,186.8,183.5,179.8,175.8,171.8,167.9,164.1,160.6,157.1,153.6,150.1,146.6,143.4,140.3,137.4,134.8,132.3,130.1,128.2,126.8,125.7,124.8,124.1,123.3,122.2,120.7,118.4,115.5,111.9,107.9,103.6,99.1,94.9,91,87.5,84.5,81.8,79.5,77.2,75.1,73.2,71.4,69.6,68,
Malta,MLT,"Mortality rate, infant (per 1,000 live births)",SP.DYN.IMRT.IN,36.4,34.9,33.8,32.7,31.6,30.6,29.5,28.4,27.2,25.9,24.8,23.5,22.3,21.2,20,18.9,17.9,17.1,16.3,15.7,15.1,14.5,13.9,13.4,12.8,12.2,11.7,11.1,10.7,10.2,9.9,9.5,9.2,8.9,8.5,8.3,7.9,7.6,7.3,7,6.8,6.6,6.4,6.2,6.1,6,6,6,6,5.9,5.9,6,6,6,6,6,5.9,
Myanmar,MMR,"Mortality rate, infant (per 1,000 live births)",SP.DYN.IMRT.IN,,,,,,,,,123.5,121.3,119.3,117.3,115.2,113,110.8,108.6,106.3,104.1,102,99.9,97.8,95.9,94.2,92.6,90.9,89.4,87.9,86.4,84.9,83.4,81.8,80.1,78.4,76.8,75.1,73.4,71.8,70.2,68.6,67.1,65.6,64.1,62.6,61,59.4,57.8,56.2,54.5,57,51,49.3,47.6,45.9,44.3,42.8,41.4,40.1,
Middle East & North Africa (excluding high income),MNA,"Mortality rate, infant (per 1,000 live births)",SP.DYN.IMRT.IN,,,,,,,,,,,,,,,,,,,,,,,,,,,,,,,52.5,50.7,49,47.4,45.7,44.2,42.6,41,39.5,38,36.5,35.2,33.7,32.4,31.1,29.9,28.7,27.6,26.5,25.5,24.7,24,23.4,22.9,22.4,21.9,21.5,
Montenegro,MNE,"Mortality rate, infant (per 1,000 live births)",SP.DYN.IMRT.IN,,,,,,,,,,,,,,,,,,,,,,,,,24,21.9,20,18.3,16.8,15.7,14.8,14.2,13.9,13.7,13.7,13.7,13.6,13.5,13.5,13.2,12.8,12.3,11.7,11.1,10.3,9.6,8.9,8.1,7.5,6.7,6.2,5.6,5,4.6,4.2,3.8,3.5,
Mongolia,MNG,"Mortality rate, infant (per 1,000 live births)",SP.DYN.IMRT.IN,,,,,,,,,,,,,,,,,,,119,115.3,111.7,108.2,104.8,101.4,98.1,94.6,91.2,87.5,83.9,80.5,77.3,74.3,71.5,68.9,66.2,63.5,60.7,57.9,54.9,51.8,48.6,45.4,42.2,39.1,36.2,33.4,30.8,28.4,26.1,24,22,20.3,19,17.8,16.9,16.1,15.4,
Northern Mariana Islands,MNP,"Mortality rate, infant (per 1,000 live births)",SP.DYN.IMRT.IN,,,,,,,,,,,,,,,,,,,,,,,,,,,,,,,,,,,,,,,,,,,,,,,,,,,,,,,,,,
Mozambique,MOZ,"Mortality rate, infant (per 1,000 live births)",SP.DYN.IMRT.IN,,,,,176.9,177.9,178.7,179.4,179.5,179.4,179.3,178.7,178,176.8,175.6,174.5,173.7,173,172.5,172.4,172.5,172.7,172.6,172.3,171.7,170.6,169.4,168.3,167.2,166.2,165.1,163.8,161.9,159.3,155.7,151.2,145.6,138.9,131.6,124.4,117.5,111,105,99.6,94.5,89.8,85.4,80,76.3,72.4,70.1,66.1,62.7,59.8,57.2,55.1,53.1,
Mauritania,MRT,"Mortality rate, infant (per 1,000 live births)",SP.DYN.IMRT.IN,130,127,124.2,121.4,118.7,115.8,113.1,110.2,107.6,105.4,103.9,103.1,102.8,102.6,102.3,101.4,99.9,98.1,96.1,93.9,92,90,88,85.8,83.5,80.8,78.3,75.9,73.8,72.2,71,70.1,69.6,69.3,69.3,69.3,69.4,69.5,69.5,69.5,69.4,69.3,69.1,68.9,68.4,67.7,66.8,65.8,64.7,63.5,62.1,60.8,59.5,58.3,57,55.7,54.4,
Mauritius,MUS,"Mortality rate, infant (per 1,000 live births)",SP.DYN.IMRT.IN,68.3,66.3,63.3,59.9,57.9,59.6,65.2,69.9,67.8,61.8,58.2,59.1,60.5,58.8,54,48.5,43.7,39.7,36.6,34.3,32.1,30.1,27.9,25.9,24.2,23.7,24.1,24.3,23.3,21.3,19.7,18.7,18.3,18.4,18.8,19.4,19.9,19.8,19.1,17.8,16.3,15.1,14.2,13.8,13.7,13.9,14.2,14.3,14,13.6,13.3,13.2,13.1,13.1,13.1,12.7,12.2,
Malawi,MWI,"Mortality rate, infant (per 1,000 live births)",SP.DYN.IMRT.IN,,,,,211.7,210.3,209.2,208.1,206.8,205.5,202.9,199.6,195.1,190,184.5,178.9,173.3,167.4,161,154.6,148.8,144.3,141.8,141.5,142.8,144.5,145.8,145.8,143.9,140.7,136.6,131.7,126.7,122.3,118.7,116.1,114.6,113.2,111.3,108.2,103.4,96.8,89.3,81.8,75.2,70.2,66.9,64.6,61.9,59.9,57.4,53.2,49.6,46.2,43.4,40.9,38.9,
Malaysia,MYS,"Mortality rate, infant (per 1,000 live births)",SP.DYN.IMRT.IN,67.7,63.7,60,56.6,53.7,51,48.8,46.8,45.1,43.6,42.2,40.9,39.5,38,36.4,34.7,32.9,31.1,29.2,27.5,25.7,24.1,22.6,21.2,19.9,18.7,17.6,16.7,15.8,15,14.3,13.6,13,12.4,11.9,11.5,11.1,10.6,10.1,9.5,8.7,8.1,7.6,7.3,7.1,7,6.8,6.8,6.8,6.7,6.8,6.8,6.8,6.9,6.9,7,7.1,
North America,NAC,"Mortality rate, infant (per 1,000 live births)",SP.DYN.IMRT.IN,,,,,,,,,,,,,,,,,,,,,,,,,,,,,,,9.168211971,8.877557041,8.587396774,8.289018419,8.008749446,7.803020342,7.523457423,7.327102582,7.146878005,7.049943111,6.952452678,6.869490673,6.777826541,6.770088687,6.769216794,6.675407715,6.581220697,6.478866392,6.376334934,6.282207385,6.088603526,5.986963708,5.885796031,5.793987743,5.693899711,5.594269092,5.486229663,
Namibia,NAM,"Mortality rate, infant (per 1,000 live births)",SP.DYN.IMRT.IN,,,,,,,,61.8,62.1,62.4,62.7,63,63.4,63.7,64,64.4,64.6,64.8,64.9,64.7,64.2,63.3,62.1,60.6,58.8,57,55,53.2,51.4,49.8,48.4,47.3,46.5,46.1,46,46.2,46.7,47.2,47.7,48.2,48.5,48.5,48.4,48.1,46.9,44.1,42.1,41,41.6,42.1,40.5,39.2,39.3,36.9,35.1,34.5,32.3,
New Caledonia,NCL,"Mortality rate, infant (per 1,000 live births)",SP.DYN.IMRT.IN,,,,,,,,,,,,,,,,,,,,,,,,,,,,,,,,,,,,,,,,,,,,,,,,,,,,,,,,,,
Niger,NER,"Mortality rate, infant (per 1,000 live births)",SP.DYN.IMRT.IN,,,,,,,,127.3,128.7,130.1,131.6,133.1,134.5,135.5,135.9,135.6,134.7,133.2,131.5,130.1,129.3,129.1,129.8,131.2,132.8,134.4,135.5,135.9,135.5,134.3,132.7,130.4,127.4,123.8,119.7,115.2,110.9,107,103.7,100.6,97.6,94.3,90.8,87,83.1,79.3,75.5,71.9,68.5,65.4,62.4,59.8,57.5,55.6,53.8,52.3,50.9,
Nigeria,NGA,"Mortality rate, infant (per 1,000 live births)",SP.DYN.IMRT.IN,,,,,195.7,191.2,186.9,182.8,178.4,174.1,169.4,164.6,159.6,154.6,149.5,144.7,140.1,135.9,132.2,129.3,127,125.4,124.4,124,124.1,124.5,125.1,125.6,126,126.2,126.2,126,125.6,125.3,124.6,123.6,122.2,120.2,117.8,115.2,112.3,109.2,106.1,102.9,99.8,96.5,93.2,90,87,83.9,81.1,78.3,75.7,73.3,71,69,66.9,
Nicaragua,NIC,"Mortality rate, infant (per 1,000 live births)",SP.DYN.IMRT.IN,133,131.9,130.7,129.4,128,126.6,125,123.3,121.4,119.2,116.9,114.4,111.5,108.3,104.7,100.6,96.2,91.6,87,82.4,78.1,74,70.3,67,64,61.3,59,56.9,54.9,53.1,51.3,49.4,47.5,45.6,43.6,41.7,39.8,37.9,37.3,34.3,32.7,31.2,29.8,28.5,27.2,26.1,24.9,23.8,22.7,21.7,20.8,20,19.3,18.6,17.9,17.3,16.8,
Netherlands,NLD,"Mortality rate, infant (per 1,000 live births)",SP.DYN.IMRT.IN,16.5,16,15.6,15.2,14.9,14.5,14.2,13.8,13.4,13.1,12.6,12.1,11.7,11.3,10.9,10.5,10.1,9.7,9.3,9,8.8,8.6,8.4,8.2,8,7.9,7.6,7.5,7.2,7,6.8,6.5,6.3,6.1,5.8,5.7,5.5,5.4,5.3,5.2,5.1,5.1,4.9,4.7,4.7,4.5,4.3,4.2,4,3.9,3.8,3.6,3.5,3.5,3.4,3.3,3.2,
Norway,NOR,"Mortality rate, infant (per 1,000 live births)",SP.DYN.IMRT.IN,18.4,17.9,17.5,17.1,16.6,16,15.4,14.8,14.2,13.7,13.1,12.7,12.2,11.6,11,10.5,9.9,9.3,8.8,8.4,8.2,8,8,8.1,8.2,8.3,8.3,8.2,7.9,7.5,7,6.4,5.8,5.3,4.9,4.6,4.4,4.2,4.1,4,4,3.8,3.6,3.6,3.4,3.2,3.2,3,2.8,2.7,2.6,2.5,2.4,2.3,2.3,2.2,2.1,
Nepal,NPL,"Mortality rate, infant (per 1,000 live births)",SP.DYN.IMRT.IN,216.8,214,210.7,207,202.8,198.5,193.8,189.4,185.1,180.9,176.8,173,169.4,165.8,162.4,158.9,155.3,151.6,147.8,144,140,136,131.9,127.9,123.8,119.5,115.5,111.2,106.8,102.4,97.9,93.4,89.1,85,81,77.2,73.6,70,66.7,63.4,60.3,57.4,54.6,52.1,49.6,47.3,45.1,43.1,41.1,39.2,37.4,35.7,34.1,32.5,31,29.6,28.4,
Nauru,NRU,"Mortality rate, infant (per 1,000 live births)",SP.DYN.IMRT.IN,,,,,,,,,,,,,,,,,,,,,,,,,,53.6,51.8,50,48.3,46.7,45.3,43.8,42.4,41,39.7,38.5,37.3,36.2,35.1,34.2,33.3,32.7,32.1,31.7,31.6,31.6,31.8,32,32.3,32.3,32,31.6,31.1,30.5,29.9,29.2,28.5,
New Zealand,NZL,"Mortality rate, infant (per 1,000 live births)",SP.DYN.IMRT.IN,22.6,21.7,20.9,20,19.3,18.7,18.3,17.9,17.5,17.2,16.9,16.5,16.2,15.8,15.4,14.9,14.4,14,13.6,13.1,12.7,12.4,12.1,11.9,11.5,11.3,11,10.6,10.2,9.7,9.2,8.6,8.2,7.8,7.5,7.1,6.9,6.7,6.4,6.3,6.1,5.9,5.8,5.7,5.5,5.4,5.4,5.3,5.3,5.2,5.1,5,5,4.9,4.7,4.6,4.5,
OECD members,OED,"Mortality rate, infant (per 1,000 live births)",SP.DYN.IMRT.IN,,,,,,,,,,,,,,,,,,,,,,,,,,,,,,,17.08232767,16.32132973,15.60981242,14.90993383,14.23872949,13.61944871,12.98391631,12.397438,11.82446794,11.29464696,10.77996141,10.29386028,9.82806448,9.396508788,9.014949352,8.612445589,8.26587686,7.949138297,7.671438498,7.408499842,7.132978039,6.913146445,6.68851374,6.491447623,6.301255581,6.110713528,5.933057197,
Oman,OMN,"Mortality rate, infant (per 1,000 live births)",SP.DYN.IMRT.IN,,,227.8,217.3,207.4,197.8,188.5,179.4,170.3,161.4,152.8,144.8,137,129.5,122,114.9,107.7,100.4,93.2,86.2,79.4,72.9,66.6,60.6,55.2,50.2,45.6,41.6,38,34.8,31.8,29.2,26.7,24.4,22.4,20.7,19.1,17.7,16.5,15.3,14.3,13.4,12.6,12,11.5,11,10.7,10.5,10.3,10.1,10,9.9,9.8,9.6,9.5,9.3,9.2,
Other small states,OSS,"Mortality rate, infant (per 1,000 live births)",SP.DYN.IMRT.IN,,,,,,,,,,,,,,,,,,,,,,,,,,,,,,,66.00960739,65.15336713,64.51716285,64.08812017,63.77955416,63.52079865,63.16943773,62.71335129,62.12774196,61.47762591,60.60457809,59.6364985,58.61597682,57.51151121,56.14907385,54.42003357,52.55998189,51.10234252,50.08964141,48.50812563,46.93601074,45.38097513,44.55042582,43.25617859,42.08255486,41.08229083,39.81990018,
Pakistan,PAK,"Mortality rate, infant (per 1,000 live births)",SP.DYN.IMRT.IN,190.7,184.2,178,172.2,166.9,162,157.6,153.7,150.2,147.1,144.2,141.5,139,136.7,134.6,132.6,130.7,128.9,127.2,125.6,124,122.4,120.7,118.9,117.1,115.3,113.4,111.6,109.8,108,106.2,104.4,102.6,100.8,99.1,97.3,95.5,93.6,91.7,89.9,88.1,86.3,84.7,83.1,81.7,80.3,78.9,77.6,76.3,75,73.6,72.2,70.7,69.1,67.3,65.7,64.2,
Panama,PAN,"Mortality rate, infant (per 1,000 live births)",SP.DYN.IMRT.IN,66,64.3,62.6,61,59.4,58,56.7,55.3,53.9,52.3,50.6,48.7,46.7,44.7,42.8,41.2,39.7,38.5,37.4,36.4,35.4,34.3,33.2,32.1,31,30,29,28.1,27.2,26.4,25.8,25.2,24.6,24.2,23.9,23.6,23.3,23,22.7,22.3,21.9,21.4,20.9,20.4,19.9,19.4,18.9,18.4,17.8,17.3,16.8,16.3,15.8,15.4,14.9,14.5,14.1,
Peru,PER,"Mortality rate, infant (per 1,000 live births)",SP.DYN.IMRT.IN,135.6,132.4,129,125.4,121.8,118.3,114.9,111.7,108.9,106.2,103.7,101.2,98.7,96.1,93.6,91.2,89.1,87.3,85.7,84.3,82.8,81.1,79.1,76.7,74.1,71.1,68,65,62.1,59.4,56.7,54.1,51.5,48.7,45.8,42.9,40,37.2,34.4,31.9,29.5,27.4,25.5,23.8,22.3,20.9,19.7,18.6,17.5,16.6,15.7,14.9,14.1,13.5,12.9,12.4,11.9,
Philippines,PHL,"Mortality rate, infant (per 1,000 live births)",SP.DYN.IMRT.IN,67,65.1,63.6,62.2,61,59.9,58.8,57.8,56.9,56.1,55.5,55.1,54.9,54.8,54.7,54.7,54.6,54.5,54.2,53.8,53.4,52.9,52.3,51.6,50.8,49.8,48.4,46.7,44.8,42.8,40.8,38.9,37.3,35.8,34.6,33.5,32.6,31.8,31.2,30.6,30,29.5,29,28.5,28,27.5,26.9,26.4,25.9,25.4,24.9,24.4,23.9,23.3,22.7,22.1,21.5,
Palau,PLW,"Mortality rate, infant (per 1,000 live births)",SP.DYN.IMRT.IN,,,,,,,,,,,,,,,,,,,,,,,,,35,34.4,33.6,33,32.3,31.6,30.9,30.3,29.5,28.7,27.9,27,26.2,25.3,24.5,23.6,22.9,22,21.3,20.6,20,19.4,18.7,18.2,17.6,17.1,16.5,16,15.5,15.1,14.6,14.1,13.7,
Papua New Guinea,PNG,"Mortality rate, infant (per 1,000 live births)",SP.DYN.IMRT.IN,133.7,129.9,126.1,122.4,118.9,115.6,112.2,109,105.8,102.7,99.7,96.9,94,91.4,88.9,86.5,84.2,82.1,80.1,78.3,76.6,74.9,73.4,72,70.6,69.4,68.3,67.3,66.3,65.3,64.4,63.5,62.6,61.8,61.1,60.4,59.8,59.2,58.6,58,57.5,57,56.5,56,55.5,54.9,54.1,53.2,52.1,50.9,49.8,48.5,47.3,46,44.9,43.8,42.4,
Poland,POL,"Mortality rate, infant (per 1,000 live births)",SP.DYN.IMRT.IN,57.6,53,49.7,46.7,43.8,40.7,37.9,35.8,34.3,33.4,32.2,30.6,28.7,27,25.5,24.5,23.8,23.2,22.5,21.7,21,20.5,19.9,19.3,18.6,17.8,17.2,16.5,16,15.6,15.2,14.8,14.3,13.9,13.5,12.7,11.6,10.3,9.4,8.6,8.1,7.6,7.3,7,6.7,6.5,6.3,6,5.8,5.4,5.2,4.9,4.6,4.5,4.3,4.2,4,
Pre-demographic dividend,PRE,"Mortality rate, infant (per 1,000 live births)",SP.DYN.IMRT.IN,,,,,,,,,,,,,,,,,,,,,,,,,,,,,,,111.3284569,110.3884604,109.4078915,108.4624041,107.410615,106.2205121,104.8499724,103.1775895,101.1719871,98.86431953,96.2126844,93.19881336,90.1049028,86.92445178,83.75730749,80.62575459,77.65700819,74.76230323,72.03388957,69.49608684,67.12573006,64.76118169,62.55331695,60.50386985,58.50743634,56.69848356,55.0041122,
Puerto Rico,PRI,"Mortality rate, infant (per 1,000 live births)",SP.DYN.IMRT.IN,,,,,,,,,,,,,,,,,,,,,,,,,,,,,,,,,,,,,,,,,,,,,,,,,,,,,,,,,,
"Korea, Dem. Peoples Rep.",PRK,"Mortality rate, infant (per 1,000 live births)",SP.DYN.IMRT.IN,,,,,,,,,,,,,,,,,,,,,,,,,,27.7,27.4,27.8,28.9,30.7,33.4,36.9,41.1,45.5,49.8,53.2,55.1,55,53.1,49.4,44.5,39.1,34.2,30.4,27.8,26.4,26,25.7,25.2,24.4,23.1,21.5,19.8,18.3,17,16,15.1,
Portugal,PRT,"Mortality rate, infant (per 1,000 live births)",SP.DYN.IMRT.IN,84.3,82.2,78.9,74.6,70.1,66.4,63.5,61.6,60.3,58.5,55.5,51.5,47.4,43.3,39.5,36,32.6,29.6,26.8,24.6,22.7,21.2,19.9,18.7,17.6,16.5,15.5,14.5,13.5,12.5,11.5,10.6,9.7,8.8,8.1,7.4,7,6.6,6.3,5.9,5.5,5.2,4.7,4.3,4,3.7,3.5,3.3,3.2,3.2,3.1,3.1,3,3,2.9,2.9,2.9,
Paraguay,PRY,"Mortality rate, infant (per 1,000 live births)",SP.DYN.IMRT.IN,61.3,60.8,60.3,60,59.6,59.4,59.1,58.8,58.5,58.2,57.8,57.4,56.8,56.2,55.5,54.7,53.8,52.9,52,50.9,49.8,48.6,47.3,46,44.7,43.3,42,40.8,39.6,38.3,37.1,36,34.9,33.8,32.8,31.9,31,30.1,29.3,28.6,27.7,27,26.2,25.4,24.6,23.8,23.1,22.4,21.8,21.1,20.4,19.8,19.2,18.6,18.1,17.6,17,
West Bank and Gaza,PSE,"Mortality rate, infant (per 1,000 live births)",SP.DYN.IMRT.IN,,,,,,,,,,,,,,,,77.1,73,69.2,65.7,62.3,59.1,56.1,53.3,50.6,48.1,45.7,43.4,41.2,39.2,37.4,35.7,34.2,32.9,31.7,30.5,29.4,28.4,27.4,26.5,25.7,24.9,24.2,23.6,23,22.5,22,21.5,21,20.5,20,19.5,19.1,18.6,18.1,17.6,17.1,16.6,
Pacific island small states,PSS,"Mortality rate, infant (per 1,000 live births)",SP.DYN.IMRT.IN,,,,,,,,,,,,,,,,,,,,,,,,,,,,,,,29.36378104,28.56208463,27.79395507,27.12789662,26.51706005,25.96795409,25.51246096,25.18299528,24.66544698,24.28722215,23.88964716,23.5324931,23.31651573,23.17081471,23.17581779,23.18274922,23.25049519,23.3047495,23.33284806,23.42515122,23.22390234,23.08459268,22.89335703,22.63801405,22.32070268,21.91783314,21.47619839,
Post-demographic dividend,PST,"Mortality rate, infant (per 1,000 live births)",SP.DYN.IMRT.IN,,,,,,,,,,,,,,,,,,,,,,,,,,,,,,,8.96310048,8.595366904,8.261996413,7.900873116,7.576449118,7.265402495,6.949725446,6.684996125,6.44555735,6.241303638,6.065920788,5.907310754,5.758065264,5.645109695,5.556636424,5.403800685,5.283021826,5.158208234,5.033567828,4.925611105,4.762275952,4.651464716,4.527831523,4.426725943,4.323303595,4.24034615,4.160676118,
French Polynesia,PYF,"Mortality rate, infant (per 1,000 live births)",SP.DYN.IMRT.IN,,,,,,,,,,,,,,,,,,,,,,,,,,,,,,,,,,,,,,,,,,,,,,,,,,,,,,,,,,
Qatar,QAT,"Mortality rate, infant (per 1,000 live births)",SP.DYN.IMRT.IN,,,,,,,,,,53.1,50.1,47.4,44.6,42.1,39.9,37.7,35.8,34,32.4,31,29.7,28.4,27.2,26,24.8,23.7,22.5,21.3,20.1,18.9,17.8,16.7,15.6,14.7,13.9,13.2,12.6,12.1,11.6,11.2,10.8,10.4,10,9.6,9.2,8.9,8.6,8.3,8.1,7.9,7.7,7.6,7.5,7.4,7.4,7.4,7.3,
Romania,ROU,"Mortality rate, infant (per 1,000 live births)",SP.DYN.IMRT.IN,,,,51.3,47,46.5,48.7,52.4,55.2,53.8,47.7,41.6,38.6,37.6,36.7,34.9,32.9,31.3,30.3,29.4,28.5,27.4,25.9,24.5,24.1,24.7,25.8,26.7,26.8,26.1,24.5,23.2,22.5,22.4,22.5,22.2,21.8,21.1,20.3,19.3,18.4,17.6,17.3,17,16.3,15.1,13.7,12.3,11.1,10.2,9.7,9.3,8.9,8.5,8.1,7.8,7.7,
Russian Federation,RUS,"Mortality rate, infant (per 1,000 live births)",SP.DYN.IMRT.IN,,,,,,,,,,,30.9,29.7,28.6,27.5,26.5,25.7,25,24.5,24,23.6,23.2,22.8,22.4,22,21.6,21.1,20.5,19.9,19.2,18.7,18.4,18.4,18.5,18.7,18.8,18.7,18.5,18.2,17.7,17.2,16.6,15.7,14.8,13.9,12.9,12,11.1,10.3,9.7,9.1,8.6,8.1,7.7,7.4,7.1,6.8,6.6,
Rwanda,RWA,"Mortality rate, infant (per 1,000 live births)",SP.DYN.IMRT.IN,131,128.4,126.3,125.1,124.5,124.4,125,125.9,127.3,128.9,130.8,132.7,135.1,138.3,142,145.6,148.2,148.2,144.6,137.7,129,119.8,111.8,105.5,100.9,97.4,94.7,92.7,91.4,91.2,92.6,96,100.9,107.8,127.3,123,117.7,122.6,125,118.7,115.6,108,99.3,90,80.4,71.9,64.3,57.8,52.5,48.1,43.9,39.7,36.7,34.2,32.2,30.4,29.2,
South Asia,SAS,"Mortality rate, infant (per 1,000 live births)",SP.DYN.IMRT.IN,,,,,,,,,,,,,,,,,,,,,,,,,,,,,,,91.7,89.3,87,84.8,82.6,80.4,78.1,75.8,73.4,71.1,68.9,66.6,64.4,62.3,60.3,58.3,56.5,54.5,52.7,50.9,49,47.2,45.5,43.7,42,40.3,38.8,
Saudi Arabia,SAU,"Mortality rate, infant (per 1,000 live births)",SP.DYN.IMRT.IN,,,,,,,,,,,,,111.4,105,99.1,93.6,88.5,83.8,79.4,75,70.7,66.8,63,59.4,55.9,52.4,49,45.5,42,38.8,35.8,33,30.6,28.4,26.5,24.9,23.4,22,20.8,19.8,18.8,18,17.2,16.6,16,15.6,15.3,14.9,14.4,14,13.5,13.1,12.7,12.3,11.9,11.4,11.1,
Sudan,SDN,"Mortality rate, infant (per 1,000 live births)",SP.DYN.IMRT.IN,106.7,105.1,103.6,102.2,100.9,99.6,98.5,97.5,96.6,95.9,95.3,94.7,94.2,93.7,93.2,92.6,92.1,91.5,90.8,90.3,89.8,89.3,88.8,88.3,87.7,87,86.1,85.2,84.2,83.1,82,80.8,79.6,78.3,77,75.6,74.1,72.5,70.8,69,67.1,65.3,63.4,61.6,59.8,58.1,56.6,55.1,53.8,52.5,51.3,50.2,49.1,48,46.9,45.9,44.8,
Senegal,SEN,"Mortality rate, infant (per 1,000 live births)",SP.DYN.IMRT.IN,129.6,129.4,129.4,129.6,129.7,129.6,129.4,129,128.5,127.6,126.2,124.2,121.9,119.2,116.1,112.6,108.8,104.9,101.3,98.1,95.3,93,90.8,88.7,86.4,83.7,80.7,77.8,75.2,73.1,71.8,71.2,71.1,71.4,71.9,72.4,72.7,72.8,72.3,71.3,69.5,67,64.1,61,57.8,54.8,51.9,49.3,47,44.8,42.9,41,39.3,37.7,36.2,34.8,33.6,
Singapore,SGP,"Mortality rate, infant (per 1,000 live births)",SP.DYN.IMRT.IN,35.5,32.9,30.9,29.4,28.3,27.3,26.3,25.2,24.1,23,22,20.9,19.6,17.8,15.9,14.3,13.2,12.5,12.3,12.2,11.9,11.5,10.7,10,9.4,8.8,8.4,7.9,7.3,6.7,6.2,5.5,5,4.5,4.2,3.9,3.8,3.6,3.4,3.2,3,2.8,2.7,2.5,2.3,2.3,2.3,2.3,2.2,2.2,2.2,2.2,2.2,2.1,2.1,2.1,2.2,
Solomon Islands,SLB,"Mortality rate, infant (per 1,000 live births)",SP.DYN.IMRT.IN,131.8,125.1,119,113.4,108,102.7,97.4,92.1,86.7,81.2,75.8,70.8,66.2,62,58.2,54.6,51.4,48.4,45.7,43.4,41.4,39.7,38.3,37,35.9,34.9,34,33.2,32.5,31.8,31.1,30.4,29.7,28.9,28.2,27.5,26.9,26.3,25.8,25.4,24.9,24.6,24.4,24.2,24.2,24.1,24.1,24,23.9,23.8,23.6,23.4,23.1,22.9,22.6,22.2,21.8,
Sierra Leone,SLE,"Mortality rate, infant (per 1,000 live births)",SP.DYN.IMRT.IN,222,219.3,216.4,213.4,210.3,207.1,203.9,200.6,197.3,194.2,191.2,188.4,185.8,183.2,180.7,178.2,175.9,173.8,171.7,169.7,167.7,165.9,164.2,162.6,161.3,159.9,158.8,157.7,156.8,156.1,155.5,155.1,154.7,154.2,153.4,152.3,150.9,149.1,147.1,144.8,142.4,139.8,137,134.1,131.1,128,124.4,120.5,116.2,111.5,106.7,101.9,97.3,93.1,89.4,86.2,83.3,
El Salvador,SLV,"Mortality rate, infant (per 1,000 live births)",SP.DYN.IMRT.IN,125.5,123.3,121.1,119.1,117.2,115.3,113.4,111.7,110,108.3,106.5,104.7,102.6,100.5,98.2,95.5,92.5,89.4,86.1,82.5,78.8,75,71,67.1,63.4,59.8,56.6,53.6,50.9,48.4,46.1,43.9,41.8,39.7,37.6,35.6,33.6,31.8,30,28.4,26.9,25.6,24.3,23.1,22,20.9,19.9,19,18.1,17.3,16.5,15.7,15.1,14.4,13.8,13.3,12.9,
San Marino,SMR,"Mortality rate, infant (per 1,000 live births)",SP.DYN.IMRT.IN,,,,,,,,,,,,,,,,,,,,,,,,,,13.7,12.8,11.9,11.1,10.4,9.7,9.1,8.5,7.9,7.4,6.9,6.4,6,5.6,5.2,4.9,4.6,4.3,4.1,3.9,3.7,3.6,3.4,3.3,3.2,3.1,2.9,2.8,2.7,2.6,2.6,2.5,
Somalia,SOM,"Mortality rate, infant (per 1,000 live births)",SP.DYN.IMRT.IN,,,,,,,,,,,,,,,,,,,,,,,,116.5,115.1,114.1,113.4,112.5,111.6,110.3,108.7,107.2,105.9,105.4,105.3,105.3,105.3,105.3,105.3,105.3,105.3,105.3,105.3,105.3,105.3,105.3,104.9,104,102.2,99.6,97.2,94.6,92.1,89.6,87.2,85,82.6,
Serbia,SRB,"Mortality rate, infant (per 1,000 live births)",SP.DYN.IMRT.IN,,,,,,,,,,,,,,,,,,,,,,,,,34.9,33.6,32.3,31,29.4,27.1,24.3,22,20.8,20.1,18.9,17.1,15.1,13.2,11.9,11.3,11,10.7,10.1,9.2,8.3,7.7,7.3,7,7,6.8,6.6,6.4,6.2,6,5.8,5.4,5.1,
Sub-Saharan Africa (excluding high income),SSA,"Mortality rate, infant (per 1,000 live births)",SP.DYN.IMRT.IN,,,,,,,,,,,,,,,,,,,,,,,,,,,,,,,108,107.2,106.3,105.5,104.7,103.5,102.1,100.6,98.7,96.5,94,91.1,88.1,85,81.9,78.8,75.9,72.9,70.2,67.6,65.2,62.9,60.7,58.6,56.7,54.9,53.3,
South Sudan,SSD,"Mortality rate, infant (per 1,000 live births)",SP.DYN.IMRT.IN,,,,,,,,,,,,,,,,,,,,,176.8,174.7,172.7,170.3,168.2,165.7,163,160.3,157.5,154.6,151.7,148.5,145.2,141.5,137.7,133.7,129.5,125.1,120.5,115.7,110.7,105.7,101,96.3,91.8,87.7,83.6,80.1,76.9,74.1,71.5,69.2,66.9,64.8,62.7,61,59.2,
Sub-Saharan Africa,SSF,"Mortality rate, infant (per 1,000 live births)",SP.DYN.IMRT.IN,,,,,,,,,,,,,,,,,,,,,,,,,,,,,,,107.9969473,107.1533108,106.2958843,105.4729425,104.6929088,103.4998214,102.1352081,100.6117189,98.74423204,96.51766139,94.00928079,91.12595491,88.13143516,85.04548206,81.93103707,78.83049382,75.84744809,72.9357956,70.22965414,67.63158967,65.1854209,62.84767947,60.66474017,58.63243362,56.66602187,54.91825598,53.25932611,
Small states,SST,"Mortality rate, infant (per 1,000 live births)",SP.DYN.IMRT.IN,,,,,,,,,,,,,,,,,,,,,,,,,,,,,,,56.39727638,55.67961975,55.11414937,54.70389779,54.39266032,54.1167035,53.79100984,53.39337387,52.89510908,52.36849925,51.68357348,50.93533131,50.16230541,49.3316555,48.30937023,47.00913737,45.60549612,44.50169712,43.74411441,42.53619189,41.30567486,40.07976367,39.41326303,38.36261494,37.39712486,36.55177396,35.49130287,
Sao Tome and Principe,STP,"Mortality rate, infant (per 1,000 live births)",SP.DYN.IMRT.IN,,,,,,61.8,59.9,58.3,57.1,56.2,55.8,55.9,56.2,56.7,57.1,57.4,57.6,57.7,57.9,58.1,58.4,59,59.8,60.8,61.9,63.1,64.1,65.1,65.9,66.7,67.2,67.5,67.5,67.2,66.4,65.3,63.8,61.9,59.8,57.4,55,52.4,49.9,47.3,45,42.7,40.6,38.6,36.8,35.1,33.4,31.9,30.6,29.3,28.1,27.1,26.2,
Suriname,SUR,"Mortality rate, infant (per 1,000 live births)",SP.DYN.IMRT.IN,,,,,,,,,,,,,,,,,,,,,,,,47.3,46.2,45,44,42.9,41.9,40.8,39.8,38.8,37.7,36.6,35.5,34.5,33.4,32.4,31.4,30.4,29.4,28.5,27.5,26.7,25.8,25,24.2,23.5,22.8,22.1,21.4,20.8,20.2,19.5,19,18.4,17.8,
Slovak Republic,SVK,"Mortality rate, infant (per 1,000 live births)",SP.DYN.IMRT.IN,,,,,,,,,,,,,,,,,,,,,,18.9,18.1,17.3,16.5,15.8,15.1,14.4,13.8,13.2,12.6,12.1,11.5,11.1,10.6,10.2,9.7,9.3,8.9,8.5,8.2,7.8,7.6,7.3,7.1,6.8,6.5,6.4,6.1,6,5.8,5.6,5.5,5.3,5.2,5,4.9,
Slovenia,SVN,"Mortality rate, infant (per 1,000 live births)",SP.DYN.IMRT.IN,,,,,,,,,,,,,,,,,,,,,,15.6,14.7,13.8,13,12.3,11.5,10.7,10,9.4,8.8,8.2,7.7,7.2,6.7,6.3,5.9,5.5,5.2,4.8,4.6,4.3,4.1,3.9,3.6,3.4,3.3,3.1,2.9,2.8,2.6,2.4,2.3,2.2,2,1.9,1.8,
Sweden,SWE,"Mortality rate, infant (per 1,000 live births)",SP.DYN.IMRT.IN,16.3,16,15.6,15,14.3,13.7,13,12.5,12.1,11.7,11.3,10.9,10.4,9.8,9.2,8.7,8.3,7.9,7.6,7.4,7.1,6.9,6.8,6.6,6.5,6.4,6.3,6.2,6.2,6.1,5.9,5.5,5.2,4.8,4.4,4,3.8,3.6,3.5,3.4,3.4,3.4,3.3,3.2,3.1,3,2.9,2.7,2.6,2.6,2.5,2.5,2.5,2.4,2.4,2.4,2.4,
Swaziland,SWZ,"Mortality rate, infant (per 1,000 live births)",SP.DYN.IMRT.IN,140.6,138.9,136.9,134.8,132.6,130.3,127.9,125.4,123.2,120.9,118.4,115.6,112.5,109,104.9,100.9,96.9,93.2,89.6,86.2,82.8,79.1,75.3,71.2,67.1,63.2,59.5,56.3,53.6,51.6,50.3,50.1,51.1,53.4,56.7,60.5,64.3,67.8,71,73.9,76.2,77.9,79,79.7,79.4,78.5,72.1,71.3,71.1,67.9,65.1,59.4,59.1,57.5,54.6,53.1,52.4,
Sint Maarten (Dutch part),SXM,"Mortality rate, infant (per 1,000 live births)",SP.DYN.IMRT.IN,,,,,,,,,,,,,,,,,,,,,,,,,,,,,,,,,,,,,,,,,,,,,,,,,,,,,,,,,,
Seychelles,SYC,"Mortality rate, infant (per 1,000 live births)",SP.DYN.IMRT.IN,73.1,71.8,70.5,69.2,67.6,65.9,63.9,61.7,59.3,56.8,54.1,51.3,48.6,45.7,42.7,39.6,36.5,33.5,30.6,27.9,25.4,23.3,21.5,19.9,18.7,17.6,16.8,16.1,15.4,14.9,14.4,13.9,13.5,13.1,12.7,12.4,12.2,12,11.9,11.9,11.9,11.9,12,12,12.1,12.1,12.2,12.2,12.2,12.3,12.4,12.5,12.5,12.6,12.6,12.5,12.3,
Syrian Arab Republic,SYR,"Mortality rate, infant (per 1,000 live births)",SP.DYN.IMRT.IN,117.8,112.4,107.5,102.8,98.3,94,89.8,85.8,81.8,78,74.4,70.9,67.6,64.5,61.6,58.8,56.2,53.7,51.3,49,46.8,44.7,42.7,40.8,39,37.3,35.8,34.3,32.9,31.6,30.4,29.2,28,26.9,25.8,24.7,23.7,22.7,21.7,20.8,20,19.2,18.4,17.7,16.9,16.3,15.6,15,14.5,14.1,14,14,14.3,14.3,14.3,14.2,14.2,
Turks and Caicos Islands,TCA,"Mortality rate, infant (per 1,000 live births)",SP.DYN.IMRT.IN,,,,,,,,,,,,,,,,,,,,,,,,,,,,,,,,,,,,,,,,,,,,,,,,,,,,,,,,,,
Chad,TCD,"Mortality rate, infant (per 1,000 live births)",SP.DYN.IMRT.IN,,,,,,,,,,,,,127,126.5,125.9,125.4,124.9,124.3,123.7,123,122.2,121.4,120.4,119.3,118.2,117.1,115.9,114.7,113.6,112.4,111.2,110.1,108.9,107.9,107,106,105.1,104,102.9,101.6,100.3,98.9,97.5,96.1,94.7,93.2,91.7,90.1,88.5,86.7,85,83.3,81.6,80,78.4,76.8,75.2,
East Asia & Pacific (IDA & IBRD countries),TEA,"Mortality rate, infant (per 1,000 live births)",SP.DYN.IMRT.IN,,,,,,,,,,,,,,,,,,,,,,,,,,,,,,,45.72848398,44.94089976,43.97356499,42.82594679,41.66377227,40.35875753,39.10555121,37.79086451,36.44300263,35.02004491,33.48198038,31.93335398,30.20589155,28.54657231,27.10244249,25.31147533,23.8473833,22.51759758,21.45386307,20.1529374,19.08988875,18.12263145,17.23322414,16.37629687,15.60086899,14.9252543,14.28111306,
Europe & Central Asia (IDA & IBRD countries),TEC,"Mortality rate, infant (per 1,000 live births)",SP.DYN.IMRT.IN,,,,,,,,,,,,,,,,,,,,,,,,,,,,,,,35.89510244,35.70822993,35.68363192,35.63908473,35.39506262,34.80036137,33.91796036,32.77687192,31.48273584,30.08465211,28.63997367,27.09247021,25.62030664,24.19654529,22.78977836,21.50791862,20.30335231,19.18838698,18.176922,17.18570117,16.31001728,15.45925576,14.66705816,13.97564636,13.28186799,12.63888261,12.03610841,
Togo,TGO,"Mortality rate, infant (per 1,000 live births)",SP.DYN.IMRT.IN,161.2,158.2,155.3,152.3,149.4,146.6,143.7,140.7,137.7,134.7,131.7,129,126.3,123.5,120.9,118.3,115.8,113.3,110.9,108.6,106.3,104.2,102.1,100.2,98.3,96.5,94.8,93.3,91.9,90.6,89.4,88.2,87.1,86,84.8,83.4,82,80.4,78.8,77,75.3,73.6,71.8,70.1,68.4,66.7,65.1,63.5,62,60.5,59,57.5,56.2,54.8,53.4,52.1,50.7,
Thailand,THA,"Mortality rate, infant (per 1,000 live births)",SP.DYN.IMRT.IN,101.5,98.3,95.2,92.2,89.3,86.3,83.4,80.5,77.5,74.6,71.6,68.6,65.7,62.9,60.3,57.8,55.4,53.2,51.2,49.2,47.3,45.4,43.7,42,40.3,38.7,37.1,35.5,34,32.4,30.9,29.4,28,26.7,25.5,24.4,23.3,22.3,21.4,20.5,19.6,18.8,18,17.2,16.4,15.6,15,14.4,13.8,13.3,12.8,12.4,12,11.6,11.2,10.8,10.5,
Tajikistan,TJK,"Mortality rate, infant (per 1,000 live births)",SP.DYN.IMRT.IN,,,,,,,,,,,,,117.4,113.9,110.5,107.4,104.9,103,101.7,101,100.8,100.6,100.2,99.2,97.2,94.6,91.3,87.8,85,83.7,84.1,86.1,89.5,92.5,93.6,92.6,90.1,86.7,82.9,78.6,74.1,69.5,64.9,60.7,56.9,53.8,51.2,49.1,47.3,45.9,44.5,43.3,42,40.8,39.5,38.3,37.1,
Turkmenistan,TKM,"Mortality rate, infant (per 1,000 live births)",SP.DYN.IMRT.IN,,,,,,,,,,,,,,,,,,105.4,102.4,99.2,96.1,92.8,89.6,86.4,83.2,80.3,77.5,74.9,72.6,70.8,69.5,69,68.9,69.3,69.9,70.4,70.7,70.6,70,68.8,67.3,65.7,64.1,62.6,60.9,59.5,57.9,56.3,54.8,53.3,51.8,50.3,48.8,47.5,46.1,44.7,43.4,
Latin America & the Caribbean (IDA & IBRD countries),TLA,"Mortality rate, infant (per 1,000 live births)",SP.DYN.IMRT.IN,,,,,,,,,,,,,,,,,,,,,,,,,,,,,,,44.35976977,42.65835298,40.95959414,39.27233294,37.50344966,35.81770784,34.11596881,32.51989884,30.98432459,29.4615054,28.00433394,26.65796323,25.41305601,24.26252811,23.1908712,22.1760242,21.25517666,20.42552685,19.69480232,18.98318169,18.96008968,17.69562081,17.0978634,16.50860865,16.00406169,15.46532942,15.00759481,
Timor-Leste,TLS,"Mortality rate, infant (per 1,000 live births)",SP.DYN.IMRT.IN,,,,,,,,,,,,,,,,,,,,,,,,,,163.8,156.8,149.9,143.5,137.4,131.5,126.1,120.9,115.9,111,106.3,101.8,97.5,93.3,89.2,85.2,81.4,77.5,73.8,70.1,66.5,63,59.8,56.9,54.4,52.3,50.3,48.5,46.9,45.4,43.9,42.4,
Middle East & North Africa (IDA & IBRD countries),TMN,"Mortality rate, infant (per 1,000 live births)",SP.DYN.IMRT.IN,,,,,,,,,,,,,,,,,,,,,,,,,,,,,,,52.7194514,50.89494168,49.20046938,47.60800591,45.97773042,44.40715187,42.81729882,41.25935956,39.72429323,38.22017579,36.74679465,35.34927583,33.91781966,32.57225416,31.28060684,30.06449701,28.86833872,27.7140372,26.62501724,25.62915455,24.78677181,24.11195818,23.51561558,22.98145114,22.49790513,22.02789106,21.57216545,
Tonga,TON,"Mortality rate, infant (per 1,000 live births)",SP.DYN.IMRT.IN,,,,60.5,57.1,54,50.9,47.8,44.8,42.1,39.5,37.2,35.2,33.4,31.8,30.3,28.9,27.7,26.5,25.4,24.5,23.6,22.9,22.3,21.8,21.3,20.9,20.4,19.8,19.2,18.6,17.9,17.3,16.8,16.4,16.1,15.8,15.6,15.4,15.2,15,14.7,14.5,14.3,14.3,14.2,14.3,14.4,14.6,14.7,14.9,15.1,15.1,14.9,14.7,14.4,14.1,
South Asia (IDA & IBRD),TSA,"Mortality rate, infant (per 1,000 live births)",SP.DYN.IMRT.IN,,,,,,,,,,,,,,,,,,,,,,,,,,,,,,,91.66125899,89.33158752,87.00863144,84.83702562,82.60600404,80.37497547,78.08335356,75.78632459,73.42925339,71.09571891,68.87059905,66.58212602,64.35313062,62.30473586,60.26002776,58.32575647,56.45000229,54.53037664,52.70325423,50.89530591,49.00756754,47.19893057,45.45180696,43.69508462,41.96951448,40.34088691,38.80819241,
Sub-Saharan Africa (IDA & IBRD countries),TSS,"Mortality rate, infant (per 1,000 live births)",SP.DYN.IMRT.IN,,,,,,,,,,,,,,,,,,,,,,,,,,,,,,,107.9969473,107.1533108,106.2958843,105.4729425,104.6929088,103.4998214,102.1352081,100.6117189,98.74423204,96.51766139,94.00928079,91.12595491,88.13143516,85.04548206,81.93103707,78.83049382,75.84744809,72.9357956,70.22965414,67.63158967,65.1854209,62.84767947,60.66474017,58.63243362,56.66602187,54.91825598,53.25932611,
Trinidad and Tobago,TTO,"Mortality rate, infant (per 1,000 live births)",SP.DYN.IMRT.IN,56,54.2,52.6,51.1,49.7,48.4,47.3,46.3,45.4,44.6,43.8,43,42.1,41.2,40.3,39.3,38.3,37.2,36.2,35.1,34.1,33.1,32.1,31.2,30.3,29.4,28.7,28,27.4,26.9,26.4,26,25.6,25.3,25,24.8,24.7,24.6,24.5,24.4,24.3,24.2,23.9,23.6,23.1,22.6,22.1,21.5,21,20.5,19.9,19.4,18.8,18.2,17.7,17,16.5,
Tunisia,TUN,"Mortality rate, infant (per 1,000 live births)",SP.DYN.IMRT.IN,,,178.8,170.9,163.2,155.6,148.3,141.5,134.6,128.2,121.9,116.2,110.7,105.3,99.7,94.2,88.6,83.3,78.2,73.5,69.3,65.7,62.3,59.3,56.5,53.9,51.6,49.4,47.5,45.8,44.2,42.6,41.1,39.4,37.6,35.8,33.8,31.8,29.9,28,26.3,24.7,23.3,21.9,20.7,19.6,18.5,17.5,16.6,15.7,14.9,14.2,13.6,13.1,12.5,12.1,11.7,
Turkey,TUR,"Mortality rate, infant (per 1,000 live births)",SP.DYN.IMRT.IN,170.9,165.8,160.9,156,151.1,146.6,142.4,138.4,134.5,130.7,127,123.3,119.7,116.1,112.5,108.9,105.1,101.3,97.4,93.6,89.8,85.9,82.1,78.4,74.7,71.2,67.8,64.5,61.4,58.4,55.6,52.9,50.3,47.7,45.2,42.8,40.5,38.2,36,33.9,31.9,29.9,28.1,26.3,24.6,23,21.5,20.1,18.8,17.5,16.4,15.3,14.3,13.4,12.5,11.7,10.9,
Tuvalu,TUV,"Mortality rate, infant (per 1,000 live births)",SP.DYN.IMRT.IN,,,,,,,,,,,,,,,,61.4,59.3,57.1,55.1,53.4,51.7,50.3,49,47.9,47,46.3,45.8,45.4,45.1,44.6,44.2,43.7,43,42.2,41.3,40.3,39.1,37.8,36.6,35.3,34.1,33,32,31.1,30.3,29.4,28.7,27.9,27.1,26.4,25.5,24.8,24.1,23.4,22.7,22.1,21.4,
Tanzania,TZA,"Mortality rate, infant (per 1,000 live births)",SP.DYN.IMRT.IN,143.5,142.3,141,139.7,138.3,136.5,134.7,132.6,130.8,129,127.2,125.2,123.2,121.2,119.1,116.8,114.6,112.4,110.4,108.8,108,107.9,108.5,109.6,110.7,111.5,111.7,111.4,110.5,109.1,107.7,106.3,104.9,103.3,101.5,99.4,96.8,93.8,90.1,85.9,81.1,76.2,71.4,66.9,63,59.5,56.8,54,51.6,49.9,47.6,46.2,44.8,43.7,42.6,41.5,40.3,
Uganda,UGA,"Mortality rate, infant (per 1,000 live births)",SP.DYN.IMRT.IN,132.3,129.9,127.6,125.5,123.4,121.1,118.6,116.3,114.1,112.2,111,110.7,111.1,112.3,114,116.3,119.2,122.2,125.2,127.3,128.2,127.6,125.1,121,116.4,112.7,110.6,109.2,107.9,106.2,104.4,102.4,100.7,99.9,100.3,101.6,103.4,105,105.4,104.3,101.6,97.5,92.5,86.7,80.5,74.4,68.6,63.3,58.9,55.7,52.7,49.5,46.5,43.9,41,39.2,37.7,
Ukraine,UKR,"Mortality rate, infant (per 1,000 live births)",SP.DYN.IMRT.IN,,,,,,,,,,,,27.6,26.8,26,25.3,24.8,24.3,23.9,23.5,23.1,22.6,22,21.4,20.7,19.9,19.2,18.5,17.8,17.3,16.9,16.6,16.6,16.7,16.9,17.2,17.3,17.4,17.2,16.9,16.3,15.7,15,14.3,13.7,13,12.5,12,11.6,11.1,10.6,10.1,9.6,9.2,8.8,8.4,8.1,7.8,
Upper middle income,UMC,"Mortality rate, infant (per 1,000 live births)",SP.DYN.IMRT.IN,,,,,,,,,,,,,,,,,,,,,,,,,,,,,,,40.8,40,39,37.9,36.7,35.4,34.1,32.8,31.4,30,28.5,27.1,25.6,24.2,22.8,21.4,20.1,18.9,17.9,16.9,15.9,15.1,14.4,13.7,13.1,12.6,12,
Uruguay,URY,"Mortality rate, infant (per 1,000 live births)",SP.DYN.IMRT.IN,57.7,56.4,55,53.6,52.7,52.1,51.7,51.3,50.6,49.5,48.6,47.9,47.9,48.4,49.2,49.4,48.5,46.5,43.3,39.4,35.5,32.1,29.4,27.5,26.4,25.4,24.3,23.2,22.2,21.3,20.6,20,19.6,19.2,18.7,18.2,17.6,16.8,16.1,15.3,14.8,14.4,14.1,13.7,13.2,12.5,11.8,11,10.2,9.6,9.1,8.8,8.5,8.3,8.1,8,7.9,
United States,USA,"Mortality rate, infant (per 1,000 live births)",SP.DYN.IMRT.IN,25.9,25.4,24.9,24.4,23.8,23.3,22.7,22,21.3,20.6,19.9,19.1,18.3,17.5,16.7,16,15.2,14.5,13.8,13.2,12.6,12.1,11.7,11.2,10.9,10.6,10.4,10.1,10,9.7,9.4,9.1,8.8,8.5,8.2,8,7.7,7.5,7.3,7.2,7.1,7,6.9,6.9,6.9,6.8,6.7,6.6,6.5,6.4,6.2,6.1,6,5.9,5.8,5.7,5.6,
Uzbekistan,UZB,"Mortality rate, infant (per 1,000 live births)",SP.DYN.IMRT.IN,,,,,,,,,,,,,,,,,,,,95.7,90.3,85.1,80.5,76.2,72.2,68.8,65.8,63.3,61.3,60,59.4,59.2,59.1,58.9,58.6,58.1,57.4,56.6,55.5,54.2,52.5,50.6,48.5,46.4,44.2,42.1,40,37.9,35.8,33.7,31.7,29.8,27.9,26.2,24.5,22.9,21.4,
St. Vincent and the Grenadines,VCT,"Mortality rate, infant (per 1,000 live births)",SP.DYN.IMRT.IN,,,,,,,,,,45.1,47.9,50.5,53,54.9,55.9,55.7,54.2,51.6,48.4,44.9,41.5,38.3,35.2,32.3,29.6,27.2,25.2,23.4,22.1,21.1,20.2,19.6,19.2,19.1,19,19,19.2,19.3,19.3,19.4,19.5,19.5,19.6,19.7,19.6,19.7,19.7,19.7,19.5,19.2,18.7,18.2,17.5,16.9,16.3,15.7,15.2,
"Venezuela, RB",VEN,"Mortality rate, infant (per 1,000 live births)",SP.DYN.IMRT.IN,59.6,57.8,56.4,55.1,54.1,53.1,52.2,51.2,50.3,49.2,48.1,46.8,45.5,44.3,43.1,41.9,40.7,39.5,38.1,36.8,35.4,34.1,32.8,31.7,30.7,29.7,28.8,27.8,26.7,25.7,24.8,23.9,23.3,22.9,22.6,22.1,21.5,20.8,19.9,20.2,18.5,17.9,17.4,16.9,16.4,15.9,15.4,15,14.8,14.7,14.7,14.7,14.7,14.6,14.5,14.3,14,
British Virgin Islands,VGB,"Mortality rate, infant (per 1,000 live births)",SP.DYN.IMRT.IN,,,,,,,,,,,,,,,,,,,,,,,,,,,,,,,,,,,,,,,,,,,,,,,,,,,,,,,,,,
Virgin Islands (U.S.),VIR,"Mortality rate, infant (per 1,000 live births)",SP.DYN.IMRT.IN,,,,,,,,,,,,,,,,,,,,,,,,,,,,,,,,,,,,,,,,,,,,,,,,,,,,,,,,,,
Vietnam,VNM,"Mortality rate, infant (per 1,000 live births)",SP.DYN.IMRT.IN,,,,,57,56.5,56.1,55.6,55.2,54.8,54.3,53.8,53.2,52.6,51.9,51.1,50.2,49.3,48.3,47.3,46.4,45.5,44.7,43.9,43.1,42.3,41.5,40.4,39.3,38,36.7,35.3,33.9,32.4,31,29.5,28.2,26.9,25.7,24.6,23.6,22.8,22,21.3,20.6,20.2,19.8,19.4,19.1,18.9,18.6,18.4,18.2,18,17.8,17.6,17.3,
Vanuatu,VUT,"Mortality rate, infant (per 1,000 live births)",SP.DYN.IMRT.IN,105.8,103.4,100.7,97.7,94.8,92,88.9,85.7,82.7,79.8,76.9,74.2,71.5,68.9,66.5,64.1,61.8,59.5,57,54.4,51.7,48.8,45.9,43.1,40.4,37.8,35.5,33.6,31.9,30.4,29.2,28.1,27.2,26.4,25.8,25.3,25,25.6,24.5,24.2,24,23.8,23.7,23.7,23.7,23.8,23.9,24,24.1,24.2,24.4,24.4,24.5,24.3,24,23.6,23.1,
World,WLD,"Mortality rate, infant (per 1,000 live births)",SP.DYN.IMRT.IN,,,,,,,,,,,,,,,,,,,,,,,,,,,,,,,64.8,63.9,63.1,62.3,61.4,60.5,59.4,58.2,56.9,55.4,53.9,52.1,50.3,48.6,46.9,45.1,43.4,41.8,40.3,38.8,37.4,36,34.7,33.6,32.4,31.4,30.5,
Samoa,WSM,"Mortality rate, infant (per 1,000 live births)",SP.DYN.IMRT.IN,,,,,,,,,,,,,,,,,,,,,,,,,31.6,30.4,29.4,28.3,27.4,26.6,25.8,25,24.2,23.5,22.7,21.9,21.3,20.6,19.9,19.3,18.7,18.1,17.6,17.3,17,16.7,16.5,16.4,16.3,17.3,16.2,16.1,16,15.8,15.5,15.2,14.8,
Kosovo,XKX,"Mortality rate, infant (per 1,000 live births)",SP.DYN.IMRT.IN,,,,,,,,,,,,,,,,,,,,,,,,,,,,,,,,,,,,,,,,,,,,,,,,,,,,,,,,,,
"Yemen, Rep.",YEM,"Mortality rate, infant (per 1,000 live births)",SP.DYN.IMRT.IN,,,,273.8,267.5,260.7,253.1,244.9,236.2,227.4,218.6,210.2,202.2,194.6,187,179.3,171.3,163,154.8,146.6,138.8,131.1,123.7,116.9,111,105.7,101.2,97.3,93.9,90.9,88.4,86.1,84.1,82.4,80.9,79.5,78.1,76.3,74.2,71.7,68.9,65.9,62.9,60,57.3,54.6,52,49.5,47.2,45.2,43.8,43.3,43.2,43.2,43.2,43.2,43.2,
South Africa,ZAF,"Mortality rate, infant (per 1,000 live births)",SP.DYN.IMRT.IN,,,,,,,,,,,,,,,88.1,83.9,79.9,76.2,72.5,69.1,65.9,62.9,60.1,57.6,55.3,53.1,51.1,49.2,47.5,45.9,44.6,43.5,42.9,42.7,43,43.6,44.3,44.8,45.3,45.7,46.3,47.2,48.3,49.1,49.3,48.9,47.4,44.9,43.7,40.3,37.3,37.1,37.2,36.4,35.6,35.5,34.2,
Zambia,ZMB,"Mortality rate, infant (per 1,000 live births)",SP.DYN.IMRT.IN,122.3,119.9,117.8,115.9,114.3,113.1,112.4,111.8,111.2,110,108.1,105.6,102.7,99.8,97.2,95.1,94.1,94,94.4,94.9,95.3,95.8,96.7,98.1,99.9,102.1,104.4,106.4,108,109.1,109.7,110.1,109.9,109.3,107.8,106,104.4,103,101.3,99,95.7,91,85,78.8,72.6,66.9,63.1,61.3,58.4,55.9,53.6,52.4,50.5,49.4,47.5,44.8,43.8,
Zimbabwe,ZWE,"Mortality rate, infant (per 1,000 live births)",SP.DYN.IMRT.IN,92.5,90.1,87.7,85.2,82.7,80.2,77.8,75.7,74.1,72.8,71.7,71,70.4,70.1,69.9,69.9,69.8,69.6,69.1,68.1,66.5,64.1,61.3,58.3,55.6,53.2,51.4,50.2,49.6,49.7,50.3,51.3,52.6,54.2,55.8,57.5,58.8,59.8,60.3,60.4,60.6,60.7,61,61.2,61.8,62.3,62.8,62.8,62,60.6,58,55,50.8,47.8,44.4,42,40,
